age,country,music_style,favorite_artists,have_music_degree,track_memorized
20-29,中華民國,"Pop 流行樂, Folk / Country 民歌／鄉村歌曲, Classical 古典樂",ed sheeran/Maksim/Lauv,no,"-1,-1,-1,-1,1,-1,-1,1,-1,-1,-1,-1,-1,1,-1,-1,-1,1,1,-1,-1,-1,1,-1,-1,-1,1,-1,-1,-1,0,-1,1,-1,0,1,-1,-1,-1,-1,1,-1,1,-1,1,-1,-1,1,-1,-1,-1,-1,-1,1,-1,-1,0,-1,-1,1,0,-1,-1,-1,-1,-1,-1,-1,-1,-1,1,1,-1,1,-1,1,-1,1,-1,1,1,-1,-1,-1,1,-1,-1,0,1,-1,1,1,-1,1,-1,1,1,-1,1,-1,-1,-1,1,0,1,-1,-1,1,-1,0,1,1,1,1,-1,-1,0,-1,-1,-1,1,1,-1,-1,-1,-1,-1,-1,1,1,-1,-1,1,-1,-1,-1,-1,-1,1,-1,-1,-1,-1,1,1,-1,-1,-1,-1,-1,1,1,-1,-1,-1,-1,1,-1,1,1,-1,1,-1,1,-1,1,-1,-1,-1,-1,-1,1,1,1,-1,-1,-1,1,1,-1,-1,-1,-1,-1,-1,1,-1,-1,-1,1,-1,-1,-1,-1,-1,-1,-1,1,1,-1,-1,-1,0,-1,-1,0,1,-1,1,1,-1,1,1,-1,-1,-1,1,-1,-1,-1"
20-29,中華民國,"Pop 流行樂, Electronic Dance Music (EDM) 電音, Hip-hop / Rap 嘻哈樂／饒舌樂",Hex Cougar / Virtual Self / CODE KUNST,no,"0,1,1,0,1,1,1,-1,-1,1,1,-1,0,0,0,-1,-1,-1,1,-1,0,0,-1,-1,0,-1,0,-1,-1,1,0,1,-1,1,0,1,1,-1,1,0,1,-1,1,0,-1,-1,1,0,-1,1,1,1,-1,0,1,-1,0,1,1,-1,0,-1,1,0,0,1,-1,-1,1,1,1,1,-1,-1,1,1,-1,0,-1,0,-1,0,-1,0,0,-1,1,0,0,-1,1,0,1,0,1,-1,-1,-1,-1,-1,1,0,-1,-1,1,-1,1,0,-1,0,0,1,-1,0,-1,-1,-1,-1,-1,-1,1,0,0,1,0,0,0,0,0,-1,0,1,-1,1,1,-1,-1,0,-1,1,0,-1,1,1,0,1,1,-1,1,1,0,1,0,0,-1,1,-1,-1,0,1,-1,1,-1,0,-1,1,-1,1,-1,-1,-1,1,-1,-1,1,1,1,-1,1,0,0,1,-1,0,1,0,-1,-1,-1,-1,0,-1,-1,0,-1,0,1,-1,-1,1,-1,1,-1,-1,-1,-1,0,1,0,-1,1,-1,-1,0,1,0,-1,1,1,-1"
20-29,台灣,"Pop 流行樂, Folk / Country 民歌／鄉村歌曲, Indie Rock 獨立音樂, R & B / Soul 節奏藍調／靈魂樂, Jazz/Blues 爵士樂／藍調",魏如萱/deca joins/陳綺貞,no,"-1,1,0,-1,0,-1,-1,-1,1,1,1,-1,1,-1,-1,1,-1,-1,1,1,1,1,-1,-1,1,-1,-1,-1,-1,-1,1,-1,-1,-1,0,-1,-1,-1,-1,1,-1,-1,-1,-1,1,1,1,1,-1,-1,1,-1,0,-1,-1,1,0,-1,-1,-1,-1,1,1,1,1,-1,0,1,-1,-1,-1,-1,-1,1,1,-1,0,-1,-1,0,1,1,-1,-1,-1,1,-1,1,-1,1,-1,1,-1,1,0,-1,-1,1,-1,-1,1,0,1,-1,-1,-1,1,-1,-1,-1,1,-1,0,-1,-1,1,1,-1,1,0,-1,-1,-1,-1,-1,-1,-1,-1,-1,1,1,-1,1,-1,-1,1,0,-1,-1,-1,-1,0,-1,1,-1,-1,1,-1,-1,-1,-1,-1,-1,1,-1,-1,1,1,-1,0,1,-1,-1,-1,-1,1,1,1,-1,0,1,-1,-1,-1,-1,0,1,1,1,0,-1,1,0,-1,-1,-1,1,1,-1,-1,1,-1,-1,1,-1,-1,1,-1,1,1,-1,-1,1,-1,-1,0,-1,1,1,-1,-1,1,-1,-1,1,-1,-1,-1,-1,-1"
20-29,中華民國,"Pop 流行樂, Folk / Country 民歌／鄉村歌曲, Electronic Dance Music (EDM) 電音, Indie Rock 獨立音樂, Rock 搖滾音樂",Lady A/海豚刑警/Conan Gray,no,"-1,-1,1,-1,0,0,1,1,-1,1,1,-1,-1,1,1,-1,0,1,1,-1,0,-1,-1,1,1,1,1,-1,1,1,1,-1,1,1,-1,1,-1,1,-1,-1,1,1,0,-1,0,-1,1,-1,1,-1,1,-1,-1,-1,1,-1,0,-1,1,1,-1,0,1,-1,1,1,-1,1,1,1,1,0,1,1,-1,1,1,1,1,1,-1,1,0,0,-1,0,-1,0,1,0,-1,-1,1,1,1,-1,1,1,1,1,0,0,-1,-1,0,-1,1,-1,-1,0,-1,-1,-1,-1,-1,1,0,-1,1,0,-1,-1,-1,-1,-1,-1,-1,-1,1,0,0,1,1,1,1,-1,0,0,-1,-1,1,-1,0,1,0,-1,-1,-1,-1,-1,-1,1,-1,0,-1,-1,1,-1,0,1,0,1,-1,1,-1,-1,1,1,-1,-1,-1,1,-1,-1,-1,0,-1,-1,1,1,1,0,1,1,-1,-1,1,-1,1,-1,-1,1,0,-1,-1,1,1,0,0,-1,-1,1,-1,-1,-1,-1,0,0,1,1,0,0,-1,1,-1,1,0,1,0,-1"
20-29,台灣,無特別,Aimer/Lisa/伍佰,no,"1,1,0,-1,0,-1,-1,-1,0,0,0,-1,-1,-1,1,-1,-1,-1,0,1,-1,1,0,1,1,1,1,-1,-1,-1,1,-1,0,-1,0,-1,1,0,0,-1,1,1,1,-1,-1,0,0,0,-1,-1,0,0,1,1,-1,-1,0,-1,-1,-1,-1,-1,1,-1,0,-1,-1,1,-1,1,1,-1,1,0,-1,-1,-1,-1,-1,1,1,-1,0,-1,0,1,-1,0,-1,-1,1,-1,-1,0,0,-1,-1,0,0,-1,-1,1,1,0,0,-1,-1,-1,-1,0,0,1,-1,0,0,0,-1,-1,1,0,0,-1,1,-1,0,1,-1,-1,-1,0,0,0,-1,1,0,-1,-1,-1,-1,1,-1,-1,1,0,1,-1,-1,0,-1,0,-1,0,1,0,-1,-1,-1,-1,-1,0,1,-1,0,-1,0,-1,-1,1,1,0,-1,0,1,0,-1,-1,0,-1,-1,1,-1,-1,0,-1,-1,-1,-1,-1,1,-1,-1,-1,1,-1,-1,1,-1,1,-1,-1,1,0,-1,-1,1,1,-1,1,0,0,0,-1,1,-1,-1,-1,-1,0,-1,-1"
20-29,台灣,"Pop 流行樂, Indie Rock 獨立音樂, Rock 搖滾音樂, Jazz/Blues 爵士樂／藍調","yorushika, ZUTOMAYO, 康士坦的變化球",no,"-1,1,-1,-1,0,1,0,1,0,-1,-1,-1,0,1,1,1,-1,1,1,1,1,1,0,-1,1,-1,1,0,-1,-1,1,1,1,1,1,0,-1,0,0,-1,1,1,1,-1,-1,-1,-1,0,-1,-1,1,-1,-1,-1,-1,1,0,1,-1,-1,-1,0,-1,-1,1,-1,1,1,-1,1,1,0,1,1,-1,-1,1,-1,-1,-1,1,-1,0,-1,-1,1,1,1,-1,1,1,0,1,-1,-1,1,0,0,-1,1,0,-1,1,-1,1,-1,1,0,1,0,-1,0,-1,-1,-1,-1,-1,1,1,-1,1,1,-1,1,0,1,-1,1,-1,-1,1,-1,1,1,-1,-1,1,-1,-1,-1,-1,-1,-1,1,-1,1,-1,1,1,1,1,-1,1,-1,-1,0,1,-1,0,-1,1,-1,-1,-1,1,0,-1,1,-1,-1,1,-1,1,-1,-1,1,1,1,-1,0,1,1,-1,-1,0,1,-1,-1,1,1,-1,1,-1,1,-1,-1,1,-1,-1,1,-1,-1,1,-1,-1,1,1,1,-1,-1,-1,-1,-1,-1,-1,-1,-1,-1,-1,-1"
20-29,台灣,"Pop 流行樂, Folk / Country 民歌／鄉村歌曲, Classical 古典樂","ariana grande, ed sheeran, taylor swift",yes,"-1,1,-1,-1,-1,-1,-1,-1,1,-1,1,-1,-1,-1,-1,1,-1,-1,-1,1,1,-1,-1,-1,0,-1,-1,-1,-1,1,-1,-1,-1,-1,0,-1,-1,1,1,-1,1,-1,0,-1,-1,-1,1,0,-1,-1,-1,-1,1,0,-1,1,0,-1,1,1,-1,-1,1,-1,-1,0,1,1,-1,1,1,-1,-1,-1,-1,-1,-1,-1,-1,0,1,-1,0,-1,-1,-1,-1,-1,-1,1,-1,1,-1,1,1,1,-1,-1,-1,-1,1,1,0,1,1,-1,-1,-1,-1,0,-1,1,1,-1,-1,-1,1,-1,1,-1,1,0,1,1,-1,1,-1,0,-1,1,-1,1,-1,1,-1,1,-1,-1,-1,-1,-1,-1,-1,-1,-1,-1,1,-1,-1,-1,-1,-1,-1,-1,1,1,-1,-1,1,1,-1,1,0,-1,0,-1,-1,1,1,-1,-1,1,1,-1,-1,-1,-1,-1,-1,-1,1,0,-1,1,1,1,1,-1,-1,-1,-1,-1,1,-1,-1,-1,-1,-1,1,-1,-1,-1,1,1,-1,-1,-1,1,-1,-1,0,-1,1,-1,1,-1,0,1,0,-1"
20-29,台灣,"Pop 流行樂, Electronic Dance Music (EDM) 電音, Hip-hop / Rap 嘻哈樂／饒舌樂, R & B / Soul 節奏藍調／靈魂樂","Julia Wu, Blackpink, Keshi",no,"-1,-1,-1,0,0,-1,0,-1,-1,1,-1,0,1,1,1,-1,-1,-1,1,-1,0,-1,-1,1,0,-1,1,-1,0,1,1,1,0,0,-1,-1,1,0,-1,0,0,1,1,0,1,1,-1,-1,-1,-1,-1,0,-1,-1,-1,-1,0,-1,1,0,0,-1,-1,-1,0,1,-1,1,-1,1,0,1,-1,0,1,1,0,1,0,0,1,-1,-1,-1,1,-1,-1,1,0,0,-1,1,1,-1,0,1,1,-1,0,1,1,0,1,-1,1,1,1,-1,0,0,-1,1,1,0,1,-1,0,-1,1,0,0,0,1,0,0,1,-1,1,1,-1,-1,0,1,-1,1,-1,-1,-1,-1,0,-1,1,0,-1,0,1,0,-1,1,-1,0,1,1,0,0,1,-1,-1,0,1,-1,1,0,-1,-1,0,0,0,0,0,0,-1,0,-1,-1,1,1,-1,-1,0,0,-1,0,0,-1,-1,1,0,0,0,-1,1,0,1,-1,-1,-1,1,1,1,-1,-1,0,1,-1,-1,-1,-1,0,-1,-1,1,0,-1,-1,0,-1,0,1,1"
20-29,台灣,"Folk / Country 民歌／鄉村歌曲, Hip-hop / Rap 嘻哈樂／饒舌樂, Indie Rock 獨立音樂, R & B / Soul 節奏藍調／靈魂樂, Jazz/Blues 爵士樂／藍調",宋冬野 keshi deca joins,no,"-1,-1,-1,-1,-1,1,-1,1,-1,0,1,0,-1,0,1,-1,1,1,-1,-1,1,-1,-1,1,-1,-1,1,-1,-1,1,1,-1,-1,-1,-1,1,-1,1,0,0,1,-1,1,-1,-1,-1,-1,1,-1,1,0,-1,-1,-1,-1,-1,-1,1,0,-1,-1,0,-1,1,1,0,-1,-1,-1,-1,1,1,0,-1,0,1,0,-1,1,-1,1,-1,-1,1,0,0,-1,0,-1,-1,-1,-1,-1,1,-1,1,-1,-1,-1,-1,1,0,-1,-1,0,0,-1,0,-1,-1,-1,-1,1,-1,-1,-1,1,0,1,0,1,-1,-1,-1,-1,-1,-1,-1,1,-1,0,-1,1,1,-1,-1,0,1,1,-1,0,-1,-1,-1,0,-1,1,-1,-1,-1,-1,-1,-1,1,-1,1,1,1,0,1,-1,1,1,-1,1,1,-1,1,-1,-1,-1,-1,1,0,1,1,-1,0,-1,1,-1,-1,-1,-1,1,1,0,0,-1,-1,-1,-1,-1,0,-1,1,-1,0,0,-1,1,1,1,-1,1,1,0,-1,-1,-1,1,1,-1,-1,-1,1,-1,0,1,-1"
20-29,中華民國,"Pop 流行樂, R & B / Soul 節奏藍調／靈魂樂, Jazz/Blues 爵士樂／藍調",伍佰 告五人 wannasleep ,no,"0,1,-1,0,-1,1,0,-1,-1,0,-1,-1,-1,-1,1,-1,-1,-1,-1,0,-1,1,0,-1,1,-1,-1,0,-1,1,-1,0,0,-1,-1,1,-1,0,0,0,-1,1,0,1,-1,-1,1,-1,1,-1,-1,-1,-1,-1,1,0,-1,-1,0,0,0,0,-1,0,0,1,0,0,-1,-1,1,0,-1,0,0,-1,-1,0,0,0,-1,-1,0,0,0,1,0,0,1,1,-1,0,1,0,0,1,-1,0,1,1,1,0,-1,-1,-1,-1,1,-1,-1,0,0,-1,-1,-1,-1,-1,-1,1,0,0,0,1,0,0,0,-1,1,-1,-1,-1,0,0,0,0,-1,1,0,-1,0,-1,-1,-1,0,0,1,-1,-1,-1,1,-1,-1,1,-1,1,-1,0,0,-1,1,-1,0,0,-1,0,0,-1,-1,0,0,-1,-1,-1,-1,0,0,-1,-1,-1,-1,-1,0,0,0,0,-1,-1,-1,-1,-1,0,1,-1,0,0,-1,-1,-1,-1,1,-1,0,1,0,0,-1,-1,0,1,-1,0,-1,-1,0,1,0,-1,1,0,-1,1"
20-29,中華民國,Hip-hop / Rap 嘻哈樂／饒舌樂,Dua Lipa/禁藥王/貝多芬,no,"-1,0,-1,-1,0,-1,-1,0,-1,0,-1,0,1,1,1,0,-1,1,1,-1,1,-1,0,1,-1,0,1,0,-1,-1,1,-1,0,-1,1,-1,1,1,0,1,-1,1,-1,-1,0,-1,1,0,1,1,1,-1,0,1,1,1,-1,-1,-1,1,0,0,-1,-1,0,1,-1,1,-1,1,-1,-1,1,-1,-1,1,1,1,-1,-1,1,1,0,1,-1,1,-1,1,-1,1,-1,1,-1,-1,1,1,1,-1,-1,1,-1,-1,-1,-1,1,0,-1,-1,-1,0,-1,-1,-1,-1,-1,-1,0,-1,-1,-1,-1,-1,0,0,0,-1,-1,-1,1,1,-1,-1,-1,-1,1,-1,0,-1,1,-1,-1,-1,1,-1,0,1,-1,-1,-1,1,-1,1,1,1,0,-1,-1,-1,-1,-1,-1,-1,-1,-1,-1,-1,1,-1,-1,1,0,1,1,0,1,-1,-1,1,-1,1,1,1,0,-1,-1,-1,-1,1,-1,-1,1,1,0,-1,-1,-1,-1,-1,-1,-1,-1,0,-1,-1,1,-1,1,1,-1,-1,-1,-1,-1,-1,-1,1,-1,0,-1,-1"
20-29,台灣,"Pop 流行樂, Classical 古典樂",米津玄師/愛繆/ヨルシカ,no,"-1,-1,-1,-1,-1,-1,1,-1,1,-1,1,-1,1,1,-1,-1,1,-1,-1,-1,-1,0,-1,-1,1,-1,1,1,-1,1,1,1,-1,-1,-1,1,1,1,-1,0,1,0,-1,-1,-1,1,-1,1,1,-1,0,-1,1,0,-1,1,-1,-1,1,-1,-1,1,-1,-1,-1,-1,-1,1,-1,-1,-1,1,-1,1,1,-1,-1,0,-1,-1,1,-1,-1,0,-1,1,0,-1,-1,-1,0,1,-1,0,0,1,1,1,-1,-1,1,-1,-1,-1,-1,1,1,1,-1,0,-1,1,-1,0,-1,-1,-1,-1,1,-1,-1,-1,0,0,-1,1,-1,-1,1,1,-1,-1,-1,1,-1,-1,1,1,-1,-1,1,-1,-1,0,1,-1,-1,-1,1,1,1,-1,1,1,-1,0,0,-1,1,-1,-1,-1,-1,-1,-1,-1,1,-1,-1,1,-1,-1,1,-1,1,1,-1,-1,-1,-1,1,-1,1,1,1,1,-1,1,1,0,-1,-1,0,1,1,-1,-1,-1,1,1,1,-1,-1,-1,-1,-1,-1,-1,1,1,-1,1,-1,1,1,1,-1,1,-1,-1"
20-29,台灣,"Pop 流行樂, Classical 古典樂, Hip-hop / Rap 嘻哈樂／饒舌樂, Indie Rock 獨立音樂",蘇打綠、椅子樂團、徐佳瑩,no,"-1,-1,-1,1,-1,-1,-1,-1,-1,-1,0,0,1,-1,-1,-1,1,-1,1,-1,1,1,1,1,-1,1,1,0,-1,1,-1,-1,1,1,-1,1,-1,-1,-1,-1,0,0,1,1,-1,-1,-1,1,0,-1,1,-1,-1,-1,-1,0,-1,1,-1,0,-1,-1,-1,1,-1,-1,-1,-1,-1,-1,0,-1,1,1,-1,-1,1,0,0,0,1,-1,0,1,1,1,-1,1,1,-1,1,1,-1,0,0,-1,1,1,-1,-1,-1,1,1,0,-1,-1,-1,-1,-1,-1,0,-1,-1,-1,-1,-1,0,-1,0,-1,-1,1,-1,1,0,-1,-1,0,0,-1,1,1,-1,1,1,-1,-1,-1,-1,-1,1,-1,1,-1,-1,-1,-1,0,1,-1,-1,-1,1,1,-1,0,-1,-1,1,-1,1,1,-1,-1,-1,0,-1,-1,-1,-1,1,-1,1,0,-1,1,-1,0,-1,-1,-1,0,1,0,0,1,-1,0,0,0,-1,-1,0,-1,-1,1,1,-1,-1,1,1,-1,0,1,1,-1,0,1,0,1,1,0,-1,-1,1,1,1,-1,-1,1"
20-29,台灣,"Pop 流行樂, Folk / Country 民歌／鄉村歌曲, Electronic Dance Music (EDM) 電音, Hip-hop / Rap 嘻哈樂／饒舌樂, Indie Rock 獨立音樂, R & B / Soul 節奏藍調／靈魂樂",Justin Bieber/Taylor Swift/告五人,no,"-1,1,-1,1,1,-1,1,-1,-1,0,1,-1,1,1,1,0,1,-1,1,-1,-1,1,1,1,0,0,1,0,-1,1,0,-1,-1,-1,0,1,1,-1,-1,1,0,0,-1,-1,-1,1,-1,-1,-1,1,-1,1,0,1,-1,1,-1,1,1,1,1,0,0,-1,1,0,-1,1,-1,1,1,0,-1,0,1,-1,-1,-1,-1,-1,1,1,-1,-1,1,-1,1,1,1,0,1,1,-1,-1,0,-1,1,1,-1,1,1,0,1,-1,-1,-1,-1,1,-1,-1,-1,1,-1,-1,1,1,0,-1,1,-1,1,1,1,-1,1,-1,-1,-1,0,0,0,-1,1,1,1,-1,-1,0,-1,1,-1,-1,0,-1,0,1,-1,-1,-1,-1,-1,-1,-1,1,1,0,-1,-1,-1,-1,0,-1,1,0,1,1,-1,-1,-1,-1,1,1,0,1,1,-1,-1,1,-1,1,0,-1,-1,0,-1,1,-1,0,1,0,-1,1,-1,0,1,0,-1,1,0,-1,1,-1,0,1,1,-1,-1,1,0,1,1,1,-1,1,-1,1,0,1,0,0"
20-29,台灣,"Pop 流行樂, R & B / Soul 節奏藍調／靈魂樂",Colde/n.flying/wave to earth,no,"-1,1,0,-1,-1,-1,-1,-1,0,1,-1,0,0,-1,0,0,1,-1,-1,1,0,-1,0,1,0,1,-1,1,1,-1,1,-1,-1,-1,0,0,1,1,-1,1,-1,1,1,1,1,0,-1,0,1,1,1,1,-1,1,0,-1,0,1,1,0,0,-1,-1,0,1,-1,1,1,-1,1,0,-1,1,-1,1,-1,1,-1,1,1,1,1,0,-1,-1,-1,-1,1,0,0,1,-1,-1,1,0,-1,-1,-1,0,-1,1,0,0,-1,-1,0,1,-1,0,-1,1,-1,1,-1,1,1,0,1,1,0,1,1,1,-1,0,0,1,1,-1,-1,0,-1,1,1,1,1,1,-1,1,1,-1,0,0,1,-1,1,-1,-1,-1,1,0,-1,-1,0,-1,0,-1,1,1,-1,1,-1,-1,1,-1,-1,-1,-1,0,1,0,-1,0,-1,1,0,1,1,1,0,1,1,0,0,-1,-1,1,1,1,-1,-1,-1,0,1,-1,1,-1,-1,-1,1,-1,-1,-1,-1,-1,1,-1,1,0,1,-1,1,-1,-1,1,0,0,-1,1,1"
20-29,臺灣,"Pop 流行樂, Folk / Country 民歌／鄉村歌曲, Electronic Dance Music (EDM) 電音, Jazz/Blues 爵士樂／藍調","米津玄師，Sasha Alex Sloan, 告五人",no,"1,-1,1,1,0,1,1,1,0,-1,-1,-1,-1,-1,1,1,1,1,1,-1,1,1,1,-1,-1,1,0,-1,-1,1,0,1,0,1,0,1,-1,1,1,-1,0,1,-1,0,1,1,-1,-1,1,-1,-1,1,-1,1,-1,-1,-1,1,-1,1,-1,-1,1,-1,-1,-1,1,1,-1,-1,-1,1,1,0,1,-1,1,-1,-1,-1,-1,-1,-1,-1,0,1,1,1,-1,1,1,-1,1,1,0,1,-1,-1,-1,1,-1,1,1,0,1,-1,-1,-1,1,1,-1,1,-1,-1,-1,1,-1,1,-1,-1,-1,1,-1,1,-1,-1,1,1,1,-1,-1,-1,-1,-1,-1,-1,-1,1,0,-1,0,0,1,-1,1,1,1,-1,1,1,-1,-1,-1,1,-1,-1,1,-1,1,1,-1,0,-1,-1,1,1,1,-1,1,-1,1,-1,-1,-1,0,-1,1,1,-1,-1,1,1,0,0,1,1,-1,0,1,1,-1,-1,-1,1,-1,1,-1,-1,1,1,-1,-1,-1,1,1,1,1,0,-1,1,-1,-1,1,1,1,1,-1,-1,1,1"
20-29,台灣,"Pop 流行樂, Electronic Dance Music (EDM) 電音, Hip-hop / Rap 嘻哈樂／饒舌樂",IU/The Chainsmoke/Akdong Musician,no,"-1,-1,-1,-1,0,-1,-1,-1,-1,-1,-1,-1,1,-1,1,-1,1,-1,1,-1,-1,-1,-1,0,-1,1,-1,1,-1,-1,0,-1,-1,-1,0,0,-1,-1,-1,-1,1,1,-1,-1,-1,-1,1,-1,-1,-1,1,-1,1,1,-1,0,1,-1,-1,1,-1,-1,-1,-1,-1,1,-1,-1,-1,1,0,-1,-1,-1,1,-1,-1,-1,-1,-1,1,-1,1,-1,-1,0,-1,0,-1,0,-1,-1,1,-1,-1,-1,-1,0,-1,0,-1,1,1,1,-1,-1,-1,-1,0,0,-1,-1,1,-1,1,-1,-1,-1,-1,-1,-1,1,1,-1,0,-1,-1,-1,-1,-1,-1,0,-1,1,-1,-1,-1,-1,0,-1,-1,-1,-1,-1,-1,-1,-1,-1,1,1,-1,-1,-1,1,0,1,0,-1,-1,-1,1,1,-1,1,1,1,-1,1,0,1,0,1,-1,0,-1,-1,1,-1,-1,1,-1,-1,-1,-1,-1,-1,-1,-1,-1,1,-1,-1,1,-1,-1,-1,-1,0,-1,-1,-1,-1,0,1,-1,-1,-1,1,-1,-1,0,1,-1,1,-1,-1,1,-1,1,-1"
20-29,台灣,"Pop 流行樂, Hip-hop / Rap 嘻哈樂／饒舌樂, Indie Rock 獨立音樂, R & B / Soul 節奏藍調／靈魂樂",熊仔／田馥甄／YOASOBI,no,"-1,1,1,-1,-1,1,-1,-1,-1,-1,1,0,-1,-1,-1,1,-1,1,-1,1,1,-1,0,-1,1,-1,1,1,1,1,1,-1,1,1,1,0,-1,-1,1,1,0,-1,1,0,-1,1,1,0,-1,1,0,-1,1,-1,-1,-1,0,1,-1,-1,0,-1,0,-1,0,-1,-1,0,1,1,-1,-1,0,1,1,1,-1,-1,-1,-1,0,-1,-1,1,-1,1,0,1,-1,-1,-1,0,1,-1,0,1,-1,0,0,0,1,0,-1,0,0,0,-1,-1,-1,0,1,1,-1,1,1,-1,0,-1,0,0,1,0,-1,0,-1,-1,1,-1,-1,1,-1,-1,-1,-1,0,0,1,1,1,-1,1,0,0,-1,1,-1,1,1,1,1,1,-1,1,0,0,-1,0,1,0,-1,-1,-1,-1,0,0,0,-1,-1,0,1,1,1,1,0,0,1,-1,0,1,0,-1,-1,0,0,-1,-1,-1,-1,-1,-1,1,1,0,-1,1,0,-1,0,-1,-1,-1,1,0,0,0,1,0,-1,-1,-1,-1,1,-1,-1,1,-1,-1,-1,0,1"
20-29,台灣,"Pop 流行樂, Hip-hop / Rap 嘻哈樂／饒舌樂, Indie Rock 獨立音樂",韋禮安/好樂團/理想混蛋,no,"-1,-1,1,1,1,-1,-1,1,-1,-1,1,-1,-1,1,-1,1,-1,-1,-1,1,-1,1,0,-1,1,1,1,1,-1,-1,-1,-1,-1,1,-1,-1,-1,1,-1,-1,-1,-1,-1,-1,1,-1,-1,-1,-1,-1,1,-1,-1,-1,-1,1,-1,-1,-1,-1,-1,-1,1,-1,-1,-1,-1,1,1,1,-1,1,1,-1,-1,-1,-1,0,-1,1,1,1,-1,-1,-1,-1,-1,1,-1,-1,-1,1,-1,-1,0,-1,1,1,-1,-1,-1,-1,-1,-1,-1,1,-1,-1,-1,1,-1,1,1,1,-1,-1,-1,1,1,0,1,1,1,-1,-1,-1,1,1,1,-1,-1,-1,-1,-1,1,-1,-1,-1,-1,1,1,-1,-1,-1,-1,-1,1,0,1,-1,-1,-1,-1,-1,1,-1,-1,-1,-1,-1,0,1,-1,1,-1,1,-1,1,1,1,1,-1,-1,-1,-1,-1,-1,1,-1,1,1,1,1,-1,-1,1,-1,-1,-1,-1,1,-1,1,1,-1,1,-1,0,-1,-1,-1,1,1,-1,-1,-1,1,-1,1,1,1,-1,1,-1,-1,1,1,1,1,-1"
20-29,台灣,Pop 流行樂,雙笙/毛不易/太一,no,"-1,-1,-1,1,-1,1,-1,1,-1,-1,-1,0,-1,0,-1,1,1,0,-1,-1,0,1,0,-1,1,-1,1,-1,-1,1,1,0,-1,-1,1,-1,-1,-1,0,-1,1,1,-1,-1,-1,1,1,-1,-1,-1,1,-1,0,-1,-1,-1,-1,1,-1,-1,0,-1,1,-1,-1,-1,1,0,-1,1,1,1,0,1,-1,1,-1,1,-1,1,0,-1,0,-1,-1,-1,-1,-1,-1,-1,1,1,-1,-1,-1,-1,1,-1,1,1,-1,-1,-1,1,-1,-1,1,-1,-1,1,1,-1,1,-1,-1,1,1,-1,1,-1,-1,0,-1,-1,0,-1,1,1,0,1,-1,1,1,-1,1,1,-1,-1,1,1,-1,1,0,-1,1,-1,1,-1,1,1,0,-1,1,-1,-1,1,1,0,-1,-1,1,1,0,1,1,-1,-1,1,1,-1,-1,-1,1,-1,-1,-1,-1,1,1,1,1,-1,1,-1,-1,-1,-1,1,-1,-1,-1,-1,0,0,1,-1,-1,-1,1,1,1,-1,-1,-1,-1,-1,0,1,0,1,1,1,-1,-1,-1,1,-1,-1,-1,1"
20-29,台灣,"Pop 流行樂, Hip-hop / Rap 嘻哈樂／饒舌樂, Indie Rock 獨立音樂",草東沒有派對/ J.Sheon／五月天,no,"-1,-1,-1,-1,-1,1,-1,-1,-1,-1,-1,0,0,0,-1,1,0,-1,0,-1,-1,-1,-1,-1,-1,0,0,-1,-1,-1,1,0,-1,0,0,-1,1,0,1,-1,-1,-1,0,-1,-1,-1,-1,0,0,1,-1,-1,0,-1,-1,-1,-1,-1,0,1,-1,-1,-1,-1,0,0,-1,-1,-1,-1,-1,1,0,1,-1,1,-1,1,-1,-1,-1,-1,0,1,-1,-1,-1,0,-1,-1,-1,-1,-1,0,1,1,0,1,0,-1,0,-1,-1,-1,1,-1,-1,-1,-1,0,0,-1,-1,0,-1,-1,-1,1,-1,-1,1,0,0,-1,0,-1,1,-1,-1,0,-1,0,1,0,1,-1,-1,-1,-1,0,-1,0,0,-1,1,0,-1,1,0,1,-1,1,1,-1,-1,0,-1,-1,0,0,0,0,0,-1,1,0,-1,-1,-1,0,-1,0,0,-1,-1,-1,-1,0,-1,0,0,-1,0,0,-1,1,-1,-1,-1,0,0,0,0,1,-1,1,-1,0,0,0,1,-1,-1,-1,1,1,0,1,-1,0,0,-1,-1,0,1,0,0,1,1,1"
20-29,中華民國,"Pop 流行樂, Classical 古典樂, Indie Rock 獨立音樂",鄧紫棋 理想混蛋 蕭邦,no,"-1,-1,1,-1,0,1,-1,1,-1,-1,1,-1,-1,1,-1,-1,1,-1,1,-1,1,1,1,-1,-1,-1,-1,-1,-1,-1,-1,1,-1,-1,0,-1,-1,-1,-1,-1,0,1,-1,-1,1,-1,-1,0,-1,-1,0,-1,-1,-1,1,-1,-1,-1,1,1,1,1,-1,-1,1,-1,-1,0,-1,-1,-1,1,1,-1,-1,1,-1,0,-1,-1,-1,-1,0,-1,-1,-1,-1,1,-1,-1,-1,-1,-1,-1,0,-1,-1,-1,-1,-1,-1,0,-1,-1,-1,-1,-1,-1,-1,-1,-1,1,-1,1,-1,-1,-1,1,-1,0,-1,1,0,-1,-1,-1,-1,-1,-1,-1,-1,0,-1,1,-1,-1,-1,-1,1,-1,-1,1,-1,-1,-1,-1,-1,1,-1,-1,-1,1,-1,-1,-1,-1,-1,-1,-1,-1,-1,-1,1,-1,-1,0,1,1,-1,-1,-1,-1,-1,0,-1,-1,-1,1,-1,0,-1,-1,0,0,-1,-1,1,1,-1,-1,1,-1,0,1,-1,-1,-1,0,-1,-1,-1,-1,0,-1,-1,-1,0,-1,1,-1,-1,-1,1,-1,-1,0,-1,-1,0,-1"
20-29,台灣,"Pop 流行樂, Electronic Dance Music (EDM) 電音",The chainsmoker/Ed sheeran/R3HAB,no,"0,1,0,-1,-1,0,-1,1,-1,0,-1,0,1,-1,1,-1,0,0,-1,-1,1,-1,0,-1,-1,-1,-1,0,-1,0,0,-1,0,-1,-1,0,0,0,-1,0,-1,-1,-1,1,0,-1,-1,-1,1,-1,0,-1,-1,-1,1,1,1,0,1,-1,-1,-1,0,0,-1,1,1,-1,0,1,-1,-1,0,0,1,-1,-1,-1,0,0,-1,-1,-1,0,0,-1,0,-1,0,1,-1,1,-1,-1,-1,1,0,-1,-1,0,0,0,-1,-1,-1,0,1,0,0,-1,-1,-1,-1,1,-1,1,-1,-1,-1,-1,1,-1,-1,-1,0,-1,-1,-1,-1,0,1,0,-1,1,0,1,0,-1,-1,-1,-1,1,0,-1,0,-1,0,1,1,-1,-1,-1,0,1,-1,1,-1,1,-1,-1,-1,0,0,0,-1,-1,-1,-1,-1,-1,1,0,-1,0,1,1,-1,1,1,-1,-1,0,-1,0,0,0,-1,0,1,0,-1,-1,-1,-1,-1,-1,-1,0,1,0,1,1,-1,0,-1,-1,1,-1,0,1,1,-1,-1,-1,0,-1,0,0,-1,-1"
20-29,中華民國,"Pop 流行樂, Electronic Dance Music (EDM) 電音",山田涼介/鷲見友美ジェナ/大石昌良,no,"-1,0,1,-1,-1,1,-1,-1,1,-1,1,0,0,-1,-1,1,-1,1,0,0,0,1,-1,-1,0,1,0,1,1,1,1,1,0,-1,0,-1,-1,-1,-1,-1,0,-1,-1,1,1,-1,1,0,-1,1,1,-1,1,0,1,1,1,-1,1,-1,0,0,0,0,1,-1,-1,0,-1,-1,1,-1,-1,1,-1,-1,-1,1,-1,1,1,-1,0,0,1,-1,-1,0,-1,-1,1,-1,-1,-1,1,1,1,0,1,1,-1,1,1,-1,-1,-1,-1,0,-1,0,-1,0,-1,1,1,-1,-1,1,1,0,1,1,-1,0,0,-1,-1,0,1,-1,-1,-1,0,0,1,-1,-1,1,-1,1,-1,-1,0,-1,-1,1,-1,1,1,-1,-1,1,-1,0,-1,-1,-1,-1,0,1,1,0,-1,-1,0,0,1,0,-1,1,1,1,-1,0,-1,-1,-1,-1,1,0,-1,1,0,1,0,-1,-1,-1,-1,1,0,-1,-1,-1,-1,1,1,-1,0,-1,1,-1,0,-1,1,1,-1,0,1,1,1,-1,0,-1,-1,-1,-1,-1,0,-1"
20-29,中華民國,"Pop 流行樂, R & B / Soul 節奏藍調／靈魂樂",Why don't we 告五人 Stray Kids,no,"1,0,-1,-1,0,0,1,1,-1,1,-1,0,0,1,1,0,1,-1,1,-1,0,1,0,0,1,1,-1,-1,-1,1,0,1,-1,-1,1,0,-1,-1,-1,0,1,-1,0,1,0,-1,1,0,1,-1,0,1,0,1,1,1,0,1,-1,-1,1,-1,-1,-1,1,-1,-1,1,-1,-1,1,-1,-1,-1,-1,-1,-1,0,0,1,1,1,-1,0,-1,-1,-1,-1,-1,-1,-1,1,-1,0,0,-1,-1,1,-1,-1,-1,-1,-1,-1,-1,-1,-1,-1,0,-1,-1,1,0,-1,-1,1,-1,-1,1,0,-1,-1,-1,1,0,-1,-1,0,0,-1,0,-1,1,-1,-1,-1,-1,1,1,-1,1,0,-1,1,-1,1,1,-1,-1,1,0,1,1,-1,0,1,-1,-1,-1,-1,0,1,1,0,1,-1,-1,-1,1,1,1,1,1,0,-1,1,-1,1,1,1,-1,-1,-1,-1,-1,1,-1,-1,-1,-1,0,1,-1,-1,1,-1,-1,0,-1,1,-1,-1,0,-1,1,-1,1,0,0,1,0,-1,-1,1,1,-1,0,1,0,1"
20-29,中華民國,"Pop 流行樂, Folk / Country 民歌／鄉村歌曲",黃明志、薛之謙、陳小春,yes,"-1,-1,-1,-1,1,1,-1,1,1,-1,0,0,1,-1,-1,-1,-1,1,-1,1,0,-1,-1,-1,-1,1,-1,-1,-1,-1,-1,-1,-1,-1,0,-1,-1,1,-1,-1,1,-1,1,-1,-1,-1,-1,0,-1,-1,-1,-1,-1,1,1,-1,-1,-1,-1,-1,0,-1,-1,1,-1,-1,1,1,-1,1,-1,1,1,1,-1,1,-1,-1,-1,1,1,-1,0,-1,-1,-1,-1,-1,0,-1,1,-1,-1,0,-1,-1,-1,0,-1,-1,-1,-1,1,0,1,-1,-1,1,-1,0,0,1,1,-1,-1,1,0,-1,-1,1,-1,0,-1,-1,0,-1,1,-1,-1,-1,1,-1,-1,-1,-1,-1,0,-1,1,-1,1,-1,-1,-1,-1,-1,1,-1,-1,-1,-1,-1,-1,0,-1,-1,-1,-1,-1,-1,-1,1,-1,-1,0,-1,-1,1,-1,1,0,-1,-1,-1,-1,-1,-1,0,-1,0,-1,0,0,0,-1,-1,1,1,-1,0,-1,-1,-1,-1,-1,-1,-1,-1,-1,1,-1,1,0,-1,1,-1,-1,-1,0,-1,-1,-1,-1,-1,1,-1,-1,-1,-1,-1"
20-29,台灣,"Pop 流行樂, Electronic Dance Music (EDM) 電音",八三夭 周杰倫 鄧紫棋,no,"1,-1,-1,1,0,-1,-1,0,0,-1,-1,0,-1,0,-1,-1,1,1,0,-1,-1,-1,-1,1,-1,1,-1,1,1,-1,1,0,-1,-1,0,-1,-1,-1,0,-1,1,-1,1,-1,0,-1,-1,1,-1,-1,0,1,-1,-1,-1,-1,0,-1,1,-1,-1,1,1,-1,-1,1,0,-1,1,-1,1,1,-1,-1,-1,-1,1,1,-1,0,1,-1,0,-1,0,1,-1,0,-1,-1,1,1,-1,0,0,1,-1,-1,-1,0,-1,1,1,-1,-1,1,-1,-1,-1,1,0,-1,1,-1,-1,-1,1,1,-1,0,1,1,-1,0,0,-1,-1,-1,-1,-1,0,0,1,-1,-1,-1,0,1,1,-1,-1,-1,0,1,1,0,0,-1,-1,1,1,-1,-1,1,-1,-1,0,1,-1,-1,1,0,-1,1,-1,0,1,-1,-1,0,-1,-1,-1,-1,1,-1,-1,1,-1,-1,-1,1,-1,0,-1,-1,-1,-1,1,0,1,-1,0,-1,-1,-1,-1,-1,-1,1,1,-1,-1,-1,-1,1,-1,-1,1,-1,-1,0,-1,1,-1,-1,-1,-1,1,-1"
20-29,台灣,"Pop 流行樂, Classical 古典樂, Jazz/Blues 爵士樂／藍調",林宥嘉、barber（配樂）、Brahms（古典音樂）,yes,"-1,-1,-1,-1,-1,1,-1,-1,-1,-1,1,1,-1,1,1,-1,1,1,-1,1,-1,1,1,1,1,0,1,0,-1,1,0,-1,-1,-1,1,1,1,-1,1,0,1,0,0,1,1,-1,1,-1,-1,-1,0,-1,-1,-1,-1,-1,-1,1,0,1,0,0,-1,-1,1,-1,1,1,-1,1,-1,1,1,1,-1,1,-1,1,-1,1,-1,0,0,1,-1,0,1,-1,1,-1,-1,-1,1,-1,0,-1,-1,1,-1,-1,-1,-1,-1,1,-1,-1,-1,1,-1,0,-1,1,-1,1,-1,-1,0,1,-1,-1,1,0,0,-1,0,-1,1,1,-1,1,-1,0,-1,1,1,-1,-1,-1,-1,-1,-1,0,-1,0,-1,-1,0,-1,-1,-1,-1,-1,-1,1,-1,-1,-1,1,-1,0,1,1,1,-1,0,1,1,-1,1,1,-1,1,1,-1,0,-1,-1,1,-1,0,1,-1,0,-1,-1,1,1,0,-1,-1,-1,1,0,0,0,-1,-1,1,-1,-1,1,0,1,1,-1,-1,-1,1,0,-1,-1,1,-1,-1,0,1,0,-1,-1,-1"
20-29,臺灣,"Pop 流行樂, Hip-hop / Rap 嘻哈樂／饒舌樂, Indie Rock 獨立音樂",One Ok Rock/IU/溫室雜草,no,"-1,-1,-1,-1,0,1,-1,1,1,1,-1,-1,1,-1,-1,1,1,1,1,0,1,1,-1,-1,0,-1,-1,1,1,1,0,-1,-1,1,-1,-1,-1,1,-1,-1,-1,-1,1,0,1,-1,1,1,0,-1,-1,1,1,0,1,-1,-1,-1,1,-1,-1,0,0,1,-1,-1,1,-1,-1,-1,1,-1,-1,1,-1,1,-1,-1,1,-1,-1,1,0,-1,1,-1,-1,-1,0,0,1,-1,-1,-1,1,-1,-1,1,-1,1,-1,-1,1,0,-1,0,-1,1,-1,-1,1,1,-1,1,-1,0,-1,1,1,-1,-1,1,1,1,0,1,-1,-1,-1,1,-1,-1,1,1,-1,-1,-1,-1,1,-1,1,-1,-1,-1,0,1,1,-1,1,1,0,-1,-1,-1,1,1,1,-1,-1,-1,1,1,1,-1,1,-1,1,-1,-1,1,-1,-1,1,-1,-1,-1,-1,1,-1,-1,1,1,-1,-1,-1,1,1,0,1,-1,0,-1,0,1,1,0,-1,0,-1,0,-1,1,-1,1,1,-1,0,0,-1,-1,0,1,-1,-1,0,0,-1,1,1,1"
20-29,Taiwan,"Pop 流行樂, Classical 古典樂, Electronic Dance Music (EDM) 電音, Hip-hop / Rap 嘻哈樂／饒舌樂, Indie Rock 獨立音樂, Rock 搖滾音樂","Eminem,Jay Z,周杰倫",no,"1,-1,1,1,0,-1,-1,1,1,0,-1,-1,1,1,0,-1,-1,0,1,1,-1,-1,-1,1,-1,0,0,0,-1,0,0,-1,-1,-1,0,0,0,0,-1,0,0,0,-1,0,0,1,1,-1,-1,1,-1,0,-1,0,0,1,0,-1,0,-1,0,0,0,0,-1,-1,1,1,-1,0,1,1,-1,0,1,1,1,0,0,0,-1,1,-1,0,-1,0,-1,0,0,-1,1,-1,1,0,0,-1,-1,-1,1,-1,0,-1,1,0,0,0,-1,-1,-1,0,0,0,0,1,-1,0,-1,1,-1,0,-1,-1,0,0,-1,-1,-1,1,1,-1,-1,0,0,-1,1,-1,-1,0,0,-1,0,-1,0,0,-1,-1,-1,0,1,-1,0,-1,0,0,0,-1,-1,-1,0,0,-1,-1,0,0,-1,-1,1,0,-1,-1,0,1,1,0,0,0,0,1,1,0,0,-1,-1,0,1,0,-1,0,-1,-1,0,-1,0,0,1,-1,-1,0,0,-1,0,-1,-1,0,1,0,0,-1,-1,1,-1,-1,-1,0,1,-1,0,-1,0,0"
20-29,台灣,"Pop 流行樂, Classical 古典樂, Indie Rock 獨立音樂",伍佰／deca joins／中島美嘉,yes,"-1,-1,0,-1,-1,-1,-1,0,-1,-1,-1,1,-1,-1,-1,1,1,-1,1,1,-1,0,1,1,-1,0,1,0,1,1,1,-1,-1,0,-1,-1,1,-1,-1,-1,0,-1,0,1,0,-1,-1,-1,-1,-1,1,-1,0,-1,1,-1,-1,-1,-1,1,1,0,-1,0,-1,-1,-1,1,0,-1,-1,1,1,1,0,1,1,-1,1,1,-1,-1,0,-1,-1,1,-1,-1,-1,1,0,-1,-1,0,1,1,-1,-1,1,1,1,-1,-1,-1,-1,-1,-1,-1,-1,0,1,-1,-1,-1,-1,-1,0,-1,1,-1,-1,1,0,0,1,-1,-1,-1,1,0,-1,-1,-1,-1,-1,-1,0,-1,1,-1,-1,1,-1,0,-1,-1,1,1,1,1,1,1,-1,-1,-1,-1,1,-1,-1,1,-1,1,0,-1,0,0,1,1,-1,-1,1,1,0,-1,1,-1,1,1,1,-1,1,-1,1,1,1,1,1,0,-1,0,0,0,0,1,-1,-1,0,0,-1,0,-1,-1,1,-1,1,-1,1,-1,0,1,0,-1,1,1,1,0,-1,0,0,-1"
20-29,台灣,"Pop 流行樂, Classical 古典樂, Hip-hop / Rap 嘻哈樂／饒舌樂",楊丞琳/薛之謙/告五人,yes,"1,0,0,1,0,-1,0,0,0,1,1,-1,1,-1,1,1,1,0,1,-1,0,1,0,-1,1,-1,1,0,-1,0,-1,1,-1,-1,-1,1,-1,-1,-1,1,-1,1,1,-1,0,1,-1,0,-1,-1,-1,0,-1,1,-1,0,0,1,0,1,-1,0,-1,0,1,1,1,-1,1,1,1,-1,-1,-1,-1,1,-1,1,-1,1,1,1,0,-1,-1,-1,-1,-1,-1,1,1,-1,-1,1,1,-1,0,-1,0,1,-1,0,-1,-1,0,-1,-1,0,-1,0,0,1,1,1,-1,1,0,-1,-1,-1,-1,1,0,0,0,-1,1,-1,1,-1,-1,0,-1,1,1,-1,1,-1,1,1,1,0,0,-1,-1,1,1,0,1,1,0,1,0,1,1,0,1,-1,1,-1,0,0,1,1,-1,1,-1,-1,-1,0,1,-1,1,-1,0,-1,-1,-1,-1,1,0,-1,-1,1,1,-1,1,0,1,0,-1,1,1,1,-1,1,-1,0,-1,-1,-1,-1,-1,1,1,1,-1,-1,-1,1,-1,0,1,-1,1,-1,-1,1,-1,-1"
20-29,中華民國,"Pop 流行樂, Folk / Country 民歌／鄉村歌曲, Electronic Dance Music (EDM) 電音",sakanaction/milet/霜月はるか,no,"-1,1,-1,-1,0,-1,1,1,-1,-1,-1,-1,1,1,1,1,-1,1,1,1,-1,1,1,1,1,-1,1,1,1,1,1,-1,-1,0,0,0,-1,1,1,-1,1,-1,0,-1,0,1,-1,-1,1,-1,0,-1,-1,0,1,-1,-1,1,1,-1,1,1,0,-1,-1,-1,1,1,-1,-1,1,1,0,0,-1,-1,1,-1,-1,-1,-1,-1,-1,1,1,1,1,-1,-1,1,-1,0,-1,-1,1,-1,0,0,-1,1,-1,1,0,0,1,1,-1,-1,-1,0,1,-1,-1,1,1,-1,-1,1,1,-1,1,-1,-1,-1,-1,1,-1,-1,-1,-1,0,0,1,1,-1,1,-1,1,1,1,1,-1,-1,-1,-1,1,1,1,-1,1,1,1,1,-1,1,1,1,0,-1,1,1,-1,0,1,1,1,-1,1,1,-1,-1,-1,-1,-1,1,1,-1,1,1,-1,1,1,-1,1,1,1,-1,1,1,1,1,-1,1,1,1,1,-1,-1,1,-1,-1,1,1,1,1,-1,1,1,-1,1,-1,1,0,-1,1,-1,1,1,-1,-1"
20-29,台灣,"Pop 流行樂, Folk / Country 民歌／鄉村歌曲, Classical 古典樂, Indie Rock 獨立音樂",謝震廷/艾怡良/Ariana Grande,no,"-1,1,0,-1,0,-1,0,0,0,-1,-1,-1,-1,-1,-1,-1,0,1,-1,-1,1,-1,-1,1,0,-1,1,0,-1,-1,1,-1,0,0,1,1,-1,1,-1,-1,-1,1,0,0,1,-1,-1,1,-1,-1,-1,1,1,-1,-1,1,1,-1,0,-1,1,0,-1,0,-1,-1,0,-1,1,0,-1,-1,0,1,-1,1,-1,1,-1,1,1,1,-1,-1,-1,0,-1,0,-1,-1,0,1,0,-1,-1,1,-1,0,0,-1,1,0,1,0,0,0,-1,-1,-1,0,0,0,-1,1,1,-1,-1,-1,-1,-1,-1,1,1,-1,-1,0,-1,-1,-1,-1,0,-1,1,1,1,-1,1,1,-1,-1,1,1,1,-1,1,-1,-1,-1,-1,-1,0,1,1,-1,0,1,1,1,1,-1,1,1,1,-1,1,1,-1,-1,0,-1,1,1,-1,0,0,-1,1,-1,1,1,-1,-1,0,-1,1,1,-1,-1,1,-1,-1,-1,1,1,0,-1,-1,0,1,-1,1,-1,0,-1,-1,1,0,0,1,1,-1,1,1,-1,1,1,0,-1,-1,1"
20-29,台灣,"Pop 流行樂, Classical 古典樂, Jazz/Blues 爵士樂／藍調",周杰倫 告五人 Coldplay ,yes,"-1,-1,1,-1,-1,-1,0,-1,-1,-1,0,-1,-1,1,1,-1,-1,-1,1,-1,-1,-1,-1,0,0,1,1,0,1,1,-1,1,0,-1,1,1,-1,0,-1,-1,1,0,0,-1,1,1,-1,-1,1,1,0,-1,-1,1,1,0,0,1,0,-1,0,0,-1,0,-1,-1,-1,1,1,-1,-1,-1,0,1,1,1,-1,0,1,1,0,1,0,1,-1,-1,1,-1,-1,0,1,0,-1,-1,0,1,0,-1,0,-1,1,0,0,1,1,0,-1,1,0,-1,1,1,0,1,-1,0,1,-1,-1,1,-1,1,0,0,0,-1,1,0,1,1,1,-1,1,-1,1,0,0,0,1,-1,-1,-1,-1,-1,-1,1,0,-1,0,-1,1,0,0,-1,-1,-1,-1,-1,-1,1,0,1,1,-1,1,1,-1,0,0,-1,-1,1,0,-1,-1,0,1,1,1,-1,1,-1,0,-1,-1,1,-1,0,-1,0,0,-1,1,0,-1,-1,1,0,1,-1,-1,-1,1,1,-1,1,1,0,-1,-1,0,-1,-1,1,0,0,-1,1,1,-1"
20-29,台灣,Classical 古典樂,張碧晨、楊丞琳、陳忻玥,yes,"-1,-1,0,0,-1,-1,-1,0,-1,-1,-1,1,0,-1,1,-1,1,1,-1,1,0,-1,0,1,1,1,1,0,-1,-1,0,1,-1,-1,0,1,-1,0,0,0,-1,0,1,1,-1,-1,-1,0,1,1,-1,-1,0,-1,1,-1,0,-1,0,-1,-1,1,-1,0,-1,-1,1,0,1,-1,1,1,-1,0,-1,-1,-1,0,-1,0,0,-1,0,-1,-1,0,-1,-1,0,0,-1,0,1,0,1,-1,0,-1,0,-1,-1,-1,1,0,0,1,-1,0,1,1,0,1,-1,1,1,1,0,1,-1,0,-1,0,1,0,-1,1,-1,-1,1,0,-1,0,0,1,0,1,0,-1,-1,-1,-1,1,-1,-1,-1,-1,1,-1,-1,-1,1,-1,1,0,0,-1,-1,1,0,-1,-1,0,-1,1,-1,0,-1,-1,-1,-1,1,-1,1,-1,0,1,-1,-1,-1,0,-1,1,0,0,1,-1,-1,1,1,-1,-1,1,-1,0,1,1,-1,-1,1,1,1,1,1,-1,-1,-1,-1,-1,-1,1,-1,-1,0,-1,1,-1,0,0,-1,-1"
20-29,中華民國,Pop 流行樂,"Coldplay, ONE OK ROCK, Yoasobi",no,"1,-1,1,1,0,-1,1,-1,1,1,1,-1,-1,-1,-1,-1,1,-1,1,-1,1,1,0,1,1,1,-1,1,1,-1,1,-1,0,-1,-1,-1,-1,-1,-1,0,-1,-1,-1,0,1,1,1,-1,-1,-1,1,-1,1,1,1,-1,0,-1,-1,1,1,0,1,0,-1,-1,1,1,1,1,1,1,-1,0,-1,-1,1,-1,-1,1,0,-1,-1,0,0,-1,-1,0,0,-1,-1,0,1,1,-1,-1,1,1,1,-1,-1,1,-1,-1,0,1,1,1,-1,-1,0,-1,1,1,-1,0,-1,-1,1,1,-1,0,0,-1,0,1,1,-1,1,1,-1,1,1,-1,1,-1,0,1,1,-1,-1,0,1,-1,-1,-1,1,1,1,-1,-1,1,1,1,-1,-1,-1,-1,-1,-1,-1,-1,1,1,1,1,1,0,-1,-1,-1,1,1,1,-1,-1,-1,0,-1,-1,-1,-1,1,1,-1,1,1,-1,1,-1,-1,-1,1,0,1,1,1,0,1,-1,-1,1,1,1,-1,-1,1,1,-1,-1,-1,-1,0,1,1,0,1,0,-1,1"
20-29,台灣,"Pop 流行樂, Electronic Dance Music (EDM) 電音, Indie Rock 獨立音樂, Rock 搖滾音樂, Jazz/Blues 爵士樂／藍調",BTS/告五人/AIMER,no,"-1,-1,-1,-1,1,-1,-1,-1,-1,-1,-1,-1,1,-1,-1,-1,-1,-1,-1,-1,-1,-1,-1,-1,-1,-1,-1,-1,-1,-1,-1,1,-1,-1,-1,-1,-1,-1,1,-1,1,-1,1,-1,-1,-1,-1,1,-1,-1,-1,-1,-1,-1,-1,-1,1,-1,-1,1,-1,1,-1,-1,-1,-1,-1,-1,-1,-1,1,-1,-1,-1,-1,-1,-1,-1,-1,1,-1,-1,-1,1,-1,-1,-1,-1,-1,1,-1,-1,1,0,-1,-1,-1,-1,1,-1,-1,1,-1,-1,-1,1,-1,-1,1,-1,-1,1,-1,1,-1,1,-1,-1,-1,1,-1,1,-1,-1,0,-1,-1,-1,-1,-1,-1,-1,-1,-1,-1,-1,-1,-1,-1,-1,-1,-1,1,1,-1,-1,-1,-1,-1,-1,-1,-1,-1,-1,-1,-1,-1,-1,-1,-1,-1,-1,-1,1,-1,-1,-1,1,-1,-1,1,1,1,-1,-1,-1,-1,-1,1,1,-1,-1,-1,1,-1,-1,-1,-1,-1,-1,-1,-1,1,-1,-1,1,-1,-1,1,1,-1,-1,-1,-1,1,1,1,-1,-1,-1,-1,-1,-1,-1,-1,1,-1,1,-1,-1"
20-29,台灣,"Pop 流行樂, Classical 古典樂","BTS, IU, 周杰倫",no,"-1,1,1,-1,1,1,1,-1,-1,1,-1,-1,1,-1,-1,1,-1,-1,-1,-1,-1,1,0,1,1,1,1,-1,-1,1,1,-1,-1,1,0,0,-1,1,0,1,-1,-1,1,1,-1,1,-1,-1,-1,-1,0,-1,-1,1,-1,1,-1,1,1,-1,-1,-1,1,1,1,-1,-1,1,-1,1,1,-1,1,-1,1,-1,1,-1,-1,1,1,-1,0,-1,1,1,-1,1,-1,1,1,-1,-1,-1,-1,1,-1,-1,-1,1,-1,-1,1,1,0,-1,1,1,-1,0,-1,-1,1,-1,1,1,-1,-1,1,0,-1,-1,1,1,0,-1,-1,-1,0,-1,0,0,1,-1,-1,-1,1,-1,-1,1,1,-1,1,-1,1,1,1,-1,1,1,1,-1,-1,-1,-1,1,1,-1,1,-1,-1,0,-1,-1,-1,1,1,-1,-1,1,-1,-1,1,-1,1,0,-1,1,-1,0,1,-1,-1,-1,1,-1,1,1,1,-1,-1,-1,0,1,-1,-1,-1,-1,-1,-1,1,-1,1,-1,-1,-1,1,0,0,-1,-1,1,-1,-1,1,1,1,-1,-1,-1"
20-29,台灣,"Pop 流行樂, Folk / Country 民歌／鄉村歌曲, Classical 古典樂, Indie Rock 獨立音樂, Religious 宗教音樂",小田和正、梶浦由記、hollow coves,yes,"-1,-1,1,-1,-1,1,1,-1,0,-1,1,1,-1,-1,-1,-1,-1,1,1,1,-1,-1,-1,-1,1,-1,-1,1,1,-1,-1,-1,1,-1,1,0,-1,-1,-1,-1,1,-1,1,-1,-1,-1,-1,0,-1,1,-1,-1,1,0,-1,1,-1,-1,-1,1,1,-1,-1,-1,-1,-1,-1,-1,-1,1,1,1,1,-1,-1,-1,-1,-1,-1,1,-1,1,-1,0,1,-1,-1,0,1,1,-1,0,-1,-1,-1,-1,1,-1,-1,1,1,-1,-1,-1,-1,-1,-1,-1,1,-1,0,1,-1,-1,1,-1,1,-1,1,0,-1,-1,1,-1,1,-1,-1,1,1,-1,1,0,1,0,-1,1,-1,0,1,-1,-1,1,-1,-1,1,-1,1,-1,-1,1,1,-1,-1,0,1,0,1,1,-1,0,-1,1,-1,-1,-1,-1,1,-1,-1,-1,-1,-1,-1,-1,-1,-1,-1,-1,-1,0,1,1,0,0,-1,1,1,-1,-1,-1,-1,-1,1,-1,-1,1,-1,1,1,-1,-1,-1,-1,-1,-1,-1,1,1,0,-1,0,1,1,-1,-1,0,1,1,1,-1"
20-29,台灣,"Pop 流行樂, Electronic Dance Music (EDM) 電音, Hip-hop / Rap 嘻哈樂／饒舌樂, Indie Rock 獨立音樂","Billie Eilish , Alan Walker , Lindsey Stirling",no,"-1,-1,0,1,1,1,-1,1,1,0,1,-1,-1,1,1,-1,-1,-1,1,-1,-1,-1,1,-1,-1,1,1,1,-1,-1,1,-1,-1,-1,0,1,1,-1,-1,-1,-1,-1,1,-1,-1,-1,-1,0,1,-1,-1,1,-1,1,-1,-1,-1,-1,1,-1,-1,1,-1,1,1,1,1,1,-1,1,1,1,1,-1,-1,1,1,-1,1,1,1,-1,1,-1,-1,1,-1,-1,0,-1,-1,-1,-1,-1,1,1,1,-1,-1,-1,-1,-1,-1,1,-1,-1,-1,-1,-1,1,-1,-1,-1,1,-1,-1,0,-1,1,0,1,1,-1,-1,-1,-1,-1,-1,1,0,1,-1,-1,1,-1,-1,-1,-1,-1,-1,1,1,-1,1,-1,-1,1,-1,1,1,-1,-1,-1,-1,0,0,-1,-1,-1,1,-1,-1,-1,0,-1,1,-1,0,-1,-1,-1,0,-1,0,-1,-1,-1,1,1,1,0,-1,0,-1,1,-1,-1,-1,-1,0,-1,-1,1,1,1,1,-1,-1,-1,-1,-1,-1,-1,1,1,-1,-1,1,1,-1,-1,-1,0,-1,1,1,-1,-1,-1,-1"
20-29,台灣,"Pop 流行樂, Folk / Country 民歌／鄉村歌曲, Electronic Dance Music (EDM) 電音, Hip-hop / Rap 嘻哈樂／饒舌樂",優里/澤野弘之/IU,no,"-1,0,-1,-1,0,0,-1,-1,-1,-1,-1,0,0,1,-1,1,1,0,1,1,0,-1,1,1,1,-1,-1,1,-1,1,0,1,-1,-1,0,0,-1,-1,-1,0,-1,-1,-1,0,1,-1,1,-1,-1,1,1,1,1,-1,-1,-1,-1,-1,-1,1,1,-1,-1,-1,0,1,-1,0,-1,-1,-1,1,1,-1,1,-1,1,-1,-1,0,-1,-1,-1,0,-1,1,-1,-1,-1,-1,1,-1,-1,1,1,0,-1,0,1,-1,-1,1,1,0,-1,-1,1,0,-1,-1,-1,-1,0,-1,-1,0,1,-1,-1,0,1,1,0,0,-1,0,1,-1,0,-1,1,-1,1,-1,1,-1,1,-1,-1,-1,-1,-1,0,1,1,-1,-1,-1,0,-1,0,0,-1,1,1,-1,-1,1,1,-1,-1,0,-1,-1,-1,0,-1,0,-1,0,-1,-1,-1,0,1,0,0,-1,-1,1,0,0,0,1,-1,1,-1,-1,1,-1,0,-1,-1,-1,-1,0,-1,0,-1,-1,1,-1,0,-1,1,-1,0,-1,-1,1,-1,1,-1,1,0,1,0,-1,-1,1"
20-29,臺灣,"Pop 流行樂, Folk / Country 民歌／鄉村歌曲, Classical 古典樂, R & B / Soul 節奏藍調／靈魂樂, Jazz/Blues 爵士樂／藍調",周深、柏林愛樂、克萊斯勒,yes,"-1,-1,-1,1,1,-1,-1,-1,0,-1,0,-1,-1,1,-1,-1,-1,-1,-1,-1,1,-1,-1,-1,-1,1,0,-1,1,-1,-1,-1,-1,1,-1,-1,1,-1,-1,-1,-1,-1,-1,-1,-1,-1,1,-1,-1,-1,-1,-1,1,1,0,1,-1,-1,1,-1,-1,1,-1,-1,-1,-1,1,1,1,1,-1,-1,-1,1,-1,-1,1,1,-1,1,1,1,0,-1,1,-1,-1,-1,-1,-1,1,1,-1,-1,-1,-1,-1,1,-1,-1,-1,-1,-1,1,1,-1,-1,-1,1,-1,-1,-1,-1,-1,-1,-1,-1,-1,1,1,-1,1,0,1,-1,1,-1,-1,1,-1,-1,-1,1,-1,-1,-1,1,-1,-1,1,-1,-1,-1,-1,-1,-1,1,-1,-1,1,-1,-1,-1,-1,-1,-1,-1,-1,-1,-1,-1,1,1,-1,-1,1,1,0,-1,-1,1,-1,-1,-1,-1,-1,-1,1,1,-1,-1,1,-1,-1,-1,-1,-1,-1,1,1,-1,-1,-1,-1,1,1,-1,-1,1,-1,1,0,-1,-1,1,-1,-1,-1,1,-1,-1,-1,-1,-1,-1,0,1,1,-1,1"
20-29,台灣,"Pop 流行樂, Classical 古典樂, Indie Rock 獨立音樂, Rock 搖滾音樂",伍佰、澤野宏之、Two Steps From Hell,yes,"-1,-1,0,-1,0,-1,-1,1,-1,1,-1,0,-1,-1,-1,1,0,1,1,1,-1,-1,0,1,-1,1,1,0,-1,-1,0,0,-1,0,0,1,0,0,0,-1,-1,-1,0,0,1,1,1,-1,1,1,0,1,-1,-1,1,0,0,-1,1,-1,-1,0,0,0,1,-1,1,-1,-1,-1,-1,-1,0,1,1,-1,1,-1,-1,-1,1,0,0,1,-1,-1,1,-1,1,-1,-1,0,-1,1,-1,1,1,1,-1,-1,-1,0,-1,0,-1,0,1,1,1,0,1,1,0,-1,-1,1,1,-1,-1,-1,1,1,-1,-1,0,-1,-1,-1,1,-1,0,-1,-1,1,-1,-1,0,0,0,1,0,1,1,1,1,1,-1,-1,-1,1,-1,-1,0,1,1,0,-1,-1,0,-1,0,0,-1,-1,1,-1,0,-1,-1,-1,0,-1,1,-1,1,1,-1,1,1,0,1,-1,1,-1,1,1,-1,1,-1,0,-1,-1,-1,0,1,1,-1,-1,-1,1,1,0,0,-1,-1,0,1,1,0,-1,-1,1,0,-1,-1,-1,0,-1,-1,1"
20-29,台灣,"Pop 流行樂, Classical 古典樂, Electronic Dance Music (EDM) 電音, Hip-hop / Rap 嘻哈樂／饒舌樂, Indie Rock 獨立音樂, R & B / Soul 節奏藍調／靈魂樂",billie eilish、deca joins、HYUKOH,no,"-1,-1,-1,-1,0,-1,-1,-1,1,-1,1,-1,-1,-1,-1,-1,-1,-1,-1,0,0,-1,0,-1,-1,-1,-1,-1,-1,-1,1,-1,-1,1,1,1,-1,1,1,-1,0,-1,-1,-1,1,-1,-1,-1,-1,1,0,-1,1,0,-1,0,1,-1,-1,1,-1,-1,1,1,-1,-1,-1,1,-1,-1,-1,-1,-1,-1,-1,-1,-1,1,1,-1,-1,-1,1,0,-1,1,-1,0,-1,1,1,-1,-1,-1,0,1,1,-1,1,1,-1,-1,-1,0,0,1,-1,1,-1,-1,1,1,1,-1,1,1,-1,-1,-1,0,-1,0,-1,-1,0,1,1,-1,0,-1,0,0,-1,0,1,-1,1,-1,-1,-1,-1,-1,1,-1,0,-1,-1,-1,1,1,1,-1,-1,-1,-1,-1,-1,-1,1,-1,-1,1,-1,-1,-1,-1,1,-1,-1,-1,-1,-1,1,0,1,0,-1,1,1,-1,1,-1,-1,-1,-1,-1,-1,0,-1,-1,-1,-1,1,1,-1,-1,-1,0,-1,1,-1,1,-1,-1,-1,-1,-1,-1,0,0,-1,-1,1,-1,-1,-1,-1,-1,1,-1"
20-29,中華民國,Pop 流行樂,楊丞琳、鄧紫棋、周深,no,"-1,-1,1,-1,-1,-1,-1,-1,-1,-1,-1,-1,-1,-1,-1,1,-1,-1,-1,1,1,1,-1,-1,1,1,-1,1,-1,1,1,-1,-1,-1,-1,-1,-1,1,1,-1,1,-1,-1,1,-1,-1,-1,-1,-1,-1,1,-1,-1,1,1,-1,1,1,-1,-1,-1,1,1,-1,-1,-1,-1,1,-1,1,-1,1,1,1,1,1,-1,1,-1,1,1,1,1,-1,-1,1,-1,-1,1,1,-1,-1,-1,1,0,-1,1,1,-1,1,-1,-1,-1,1,0,1,1,1,-1,-1,1,-1,1,1,-1,1,-1,1,1,1,-1,1,-1,1,0,-1,-1,-1,-1,-1,-1,1,-1,-1,-1,-1,-1,1,1,-1,0,-1,1,-1,-1,-1,-1,1,1,-1,-1,1,-1,-1,-1,-1,-1,1,0,1,-1,1,-1,-1,-1,1,-1,-1,-1,1,-1,1,-1,-1,-1,1,-1,0,-1,-1,-1,-1,-1,-1,-1,-1,-1,-1,1,-1,-1,-1,0,1,-1,-1,-1,1,1,-1,-1,-1,0,1,-1,-1,-1,-1,-1,1,1,-1,-1,-1,1,1,1,0,-1,-1"
20-29,馬來西亞,"Pop 流行樂, Folk / Country 民歌／鄉村歌曲, Classical 古典樂, R & B / Soul 節奏藍調／靈魂樂, Jazz/Blues 爵士樂／藍調","Taylor Swift,Alec Benjamin，Shawn Mendes",yes,"-1,1,-1,-1,0,-1,-1,1,-1,0,-1,-1,-1,-1,-1,-1,-1,-1,1,1,0,-1,0,-1,-1,-1,-1,0,-1,1,-1,-1,1,1,1,-1,-1,1,-1,-1,1,-1,-1,1,1,-1,-1,0,1,-1,-1,-1,1,1,-1,-1,1,1,-1,-1,-1,-1,-1,-1,-1,-1,0,1,-1,-1,1,1,-1,1,1,-1,-1,1,-1,0,-1,-1,1,-1,-1,-1,-1,1,-1,1,-1,0,-1,-1,1,-1,1,-1,-1,0,-1,1,0,0,-1,0,-1,-1,1,0,-1,-1,-1,-1,-1,1,1,-1,1,-1,1,0,-1,-1,-1,1,-1,-1,0,1,0,1,-1,-1,-1,1,0,-1,-1,1,0,-1,-1,-1,-1,-1,-1,-1,-1,1,-1,-1,-1,-1,-1,-1,1,-1,1,-1,0,0,1,-1,-1,1,-1,1,-1,1,-1,1,1,1,-1,-1,-1,-1,1,1,1,-1,1,-1,1,-1,-1,0,1,-1,-1,1,1,-1,1,-1,-1,1,-1,-1,-1,1,-1,1,-1,1,-1,-1,-1,-1,0,1,-1,-1,-1,-1,-1,-1,1,1"
20-29,台灣,"Pop 流行樂, Classical 古典樂, R & B / Soul 節奏藍調／靈魂樂",椅子樂團、9m88、德布西,no,"-1,-1,0,-1,0,-1,1,1,-1,-1,-1,0,1,-1,1,1,-1,1,1,-1,-1,-1,0,0,0,-1,-1,1,-1,-1,-1,-1,-1,1,-1,1,1,-1,0,-1,1,-1,-1,-1,-1,-1,0,0,1,-1,-1,1,-1,-1,-1,1,0,-1,-1,1,-1,1,-1,1,-1,-1,-1,-1,1,-1,-1,-1,1,-1,-1,0,-1,1,-1,-1,-1,-1,1,-1,1,-1,-1,-1,-1,-1,1,1,-1,-1,1,1,1,0,-1,-1,1,-1,-1,-1,1,0,-1,1,-1,-1,-1,-1,-1,-1,-1,-1,0,-1,-1,-1,-1,-1,0,-1,0,-1,-1,-1,-1,1,-1,-1,-1,-1,-1,-1,1,1,1,-1,0,0,-1,1,1,-1,1,-1,1,-1,0,-1,-1,1,-1,1,1,1,0,-1,1,0,-1,0,-1,1,1,1,-1,1,-1,0,1,-1,-1,0,-1,0,-1,1,1,-1,-1,-1,1,-1,1,1,1,-1,1,-1,-1,1,0,-1,-1,-1,-1,-1,-1,-1,-1,-1,1,-1,-1,-1,1,-1,-1,1,-1,1,1,1,-1,-1,-1,-1"
20-29,台灣,"Pop 流行樂, Classical 古典樂, Electronic Dance Music (EDM) 電音","cYsmix, Antonio Lucio Vivaldi, 黃明志",no,"-1,-1,0,1,0,1,-1,-1,-1,-1,-1,-1,-1,1,-1,1,-1,1,1,1,-1,-1,1,1,0,-1,0,0,1,1,-1,-1,0,1,-1,1,-1,0,-1,1,-1,-1,0,1,1,-1,-1,0,-1,1,1,-1,1,-1,-1,1,-1,-1,1,-1,1,-1,-1,0,-1,-1,-1,1,1,1,-1,-1,-1,-1,-1,1,1,-1,1,-1,1,-1,0,1,0,-1,0,1,-1,0,-1,-1,1,0,1,0,-1,1,-1,-1,1,1,1,0,1,-1,-1,1,-1,0,-1,1,1,1,1,-1,0,1,-1,1,-1,0,-1,1,0,1,-1,1,1,-1,-1,-1,-1,1,1,-1,1,1,0,-1,1,0,1,-1,0,-1,-1,1,1,1,-1,1,-1,-1,-1,1,-1,-1,0,1,1,1,1,-1,0,0,1,1,-1,-1,0,1,1,1,1,0,1,-1,-1,-1,0,-1,-1,-1,1,-1,-1,-1,-1,0,-1,-1,-1,0,1,1,-1,-1,1,-1,-1,1,0,-1,1,1,1,0,1,1,1,-1,-1,1,1,-1,-1,-1,-1,1"
20-29,台灣（中華民國）,"Pop 流行樂, Folk / Country 民歌／鄉村歌曲, Electronic Dance Music (EDM) 電音, Hip-hop / Rap 嘻哈樂／饒舌樂, Indie Rock 獨立音樂, R & B / Soul 節奏藍調／靈魂樂",CL、黃小琥、Rihanna,no,"-1,1,-1,-1,-1,-1,-1,-1,-1,-1,-1,-1,-1,-1,-1,0,1,-1,-1,-1,-1,-1,-1,-1,-1,-1,-1,-1,-1,-1,1,-1,-1,1,-1,-1,-1,-1,-1,-1,-1,-1,-1,-1,-1,-1,-1,-1,-1,-1,-1,-1,-1,0,-1,-1,-1,-1,-1,-1,-1,-1,-1,-1,-1,-1,-1,-1,-1,0,-1,-1,-1,-1,-1,0,-1,-1,-1,-1,-1,-1,-1,-1,-1,-1,-1,-1,0,0,-1,-1,-1,-1,-1,-1,0,-1,-1,-1,-1,-1,-1,-1,-1,-1,-1,-1,-1,-1,-1,-1,-1,-1,-1,1,-1,-1,-1,-1,1,-1,-1,-1,-1,0,-1,0,-1,-1,-1,-1,-1,-1,-1,1,-1,1,-1,-1,-1,-1,-1,-1,-1,-1,-1,-1,-1,-1,-1,-1,-1,-1,1,-1,-1,-1,-1,-1,-1,-1,-1,-1,-1,-1,-1,-1,-1,-1,0,1,1,-1,-1,-1,0,-1,-1,-1,-1,-1,-1,-1,-1,-1,-1,1,1,-1,-1,-1,0,-1,-1,-1,-1,-1,-1,0,-1,1,-1,-1,1,-1,-1,-1,-1,-1,-1,-1,-1,1,-1,-1,-1,-1,-1,-1"
20-29,台灣,"Pop 流行樂, Hip-hop / Rap 嘻哈樂／饒舌樂, R & B / Soul 節奏藍調／靈魂樂",GOT7、Winner、BE'O,no,"-1,0,0,1,-1,-1,-1,-1,-1,1,0,0,-1,1,1,1,-1,1,1,-1,0,1,-1,-1,1,-1,-1,1,0,-1,-1,-1,-1,-1,1,-1,-1,0,1,-1,0,-1,1,-1,1,-1,1,0,-1,-1,-1,-1,1,-1,-1,1,1,-1,-1,1,0,1,-1,-1,1,-1,1,-1,1,-1,-1,-1,-1,-1,1,-1,1,1,-1,1,1,-1,1,-1,0,-1,-1,-1,0,-1,1,1,-1,-1,-1,1,1,-1,-1,-1,-1,1,1,1,1,1,-1,1,-1,1,1,1,-1,0,-1,1,-1,1,1,0,-1,0,-1,-1,-1,-1,-1,-1,1,1,0,0,-1,1,1,-1,1,1,1,-1,1,-1,1,-1,-1,-1,-1,-1,-1,1,-1,-1,-1,1,-1,-1,-1,-1,1,1,-1,1,1,1,-1,-1,1,-1,-1,1,1,-1,-1,0,-1,-1,-1,-1,1,0,1,-1,-1,1,-1,1,1,0,-1,-1,-1,-1,-1,-1,-1,1,1,-1,1,-1,1,1,1,1,1,1,1,1,0,0,1,0,1,1,1,1,1,-1,1,-1"
20-29,台灣,"Pop 流行樂, Electronic Dance Music (EDM) 電音", Alan walker  /紅髮艾德 /  Taylor swift,no,"-1,0,-1,1,0,-1,-1,-1,-1,0,1,0,1,-1,1,-1,1,-1,-1,-1,-1,1,-1,0,-1,1,0,-1,1,1,1,-1,-1,0,1,1,-1,1,-1,-1,-1,1,0,-1,-1,-1,1,-1,-1,-1,1,1,1,-1,1,1,-1,-1,0,-1,-1,-1,-1,-1,1,1,1,-1,0,-1,0,-1,0,1,1,-1,-1,0,-1,-1,-1,1,-1,-1,1,1,1,-1,1,1,-1,1,1,0,0,1,1,1,1,0,-1,-1,-1,-1,0,-1,-1,-1,1,1,0,1,-1,1,-1,1,-1,-1,0,0,1,1,1,1,0,0,1,0,0,-1,0,-1,-1,1,0,-1,-1,-1,-1,1,1,-1,1,1,1,1,-1,1,1,1,0,1,0,1,1,-1,1,-1,0,-1,0,1,0,-1,0,1,1,-1,-1,-1,-1,1,-1,-1,1,-1,-1,1,1,0,-1,-1,-1,-1,1,-1,-1,-1,1,1,1,-1,-1,-1,-1,1,1,-1,-1,-1,-1,-1,-1,0,-1,1,1,-1,-1,-1,-1,1,1,-1,-1,-1,-1,0,-1,1"
20-29,臺灣,"Pop 流行樂, Folk / Country 民歌／鄉村歌曲, Indie Rock 獨立音樂, R & B / Soul 節奏藍調／靈魂樂, Rock 搖滾音樂, Jazz/Blues 爵士樂／藍調",藤井風/魏如萱/Aiko,no,"1,-1,-1,0,0,-1,1,-1,0,-1,0,1,1,1,-1,1,1,0,0,1,0,-1,1,1,0,1,-1,-1,1,-1,0,-1,-1,1,0,0,1,0,1,-1,0,-1,-1,-1,0,-1,-1,0,1,-1,1,-1,0,0,-1,-1,0,-1,1,1,-1,-1,-1,0,-1,-1,-1,1,-1,1,1,-1,-1,1,-1,-1,-1,-1,0,-1,0,-1,0,0,0,-1,-1,0,-1,0,1,-1,-1,0,-1,-1,1,1,-1,-1,1,-1,0,0,-1,-1,-1,1,-1,0,1,1,0,1,-1,1,0,-1,1,-1,1,-1,1,1,-1,1,-1,0,0,0,0,-1,1,-1,-1,-1,0,-1,1,1,1,0,0,1,-1,1,1,-1,-1,1,-1,-1,-1,-1,1,-1,-1,-1,-1,0,-1,0,-1,0,-1,-1,1,1,1,-1,-1,-1,-1,0,-1,-1,-1,0,-1,0,0,1,0,1,0,-1,1,1,-1,-1,0,-1,0,1,1,0,1,0,0,1,-1,-1,0,-1,-1,1,-1,-1,-1,1,0,-1,-1,1,1,-1,-1,0,-1,-1"
20-29,台灣,"Pop 流行樂, Folk / Country 民歌／鄉村歌曲, Hip-hop / Rap 嘻哈樂／饒舌樂, R & B / Soul 節奏藍調／靈魂樂, Rock 搖滾音樂","Kendrick Lamar,Doja cat,j cole",no,"-1,-1,1,1,1,-1,-1,0,0,-1,-1,-1,-1,1,0,1,1,0,-1,1,1,1,-1,1,0,-1,-1,-1,-1,-1,0,1,-1,-1,1,0,-1,1,1,1,-1,1,-1,-1,-1,1,-1,-1,0,1,1,0,0,-1,1,-1,0,1,1,1,1,1,1,-1,1,1,0,0,1,1,-1,-1,-1,-1,-1,1,-1,1,-1,-1,-1,1,1,1,-1,-1,0,-1,-1,1,0,1,-1,1,-1,0,-1,1,0,1,1,0,-1,-1,-1,-1,-1,1,0,-1,-1,-1,1,0,1,-1,0,-1,1,1,1,1,-1,1,-1,-1,1,-1,1,1,0,-1,1,-1,-1,1,-1,1,-1,-1,0,1,-1,-1,1,1,1,-1,1,1,-1,1,-1,-1,-1,-1,1,-1,-1,-1,1,1,0,0,1,-1,-1,0,1,1,-1,-1,-1,1,-1,0,-1,-1,-1,-1,0,1,-1,-1,1,1,-1,-1,-1,-1,1,0,1,1,0,-1,-1,1,1,1,-1,1,1,-1,1,1,0,-1,-1,-1,1,1,0,1,-1,1,-1,0,-1,0"
20-29,臺灣,"Pop 流行樂, Folk / Country 民歌／鄉村歌曲, Electronic Dance Music (EDM) 電音, Indie Rock 獨立音樂, R & B / Soul 節奏藍調／靈魂樂",D.o/Ed sheeran/Trash 樂團,no,"1,-1,1,1,1,1,0,-1,-1,-1,1,0,1,-1,-1,1,1,-1,0,1,-1,-1,1,0,-1,1,-1,-1,1,1,1,-1,0,-1,-1,1,-1,1,-1,-1,1,1,-1,-1,1,-1,-1,-1,-1,1,0,1,-1,-1,1,-1,-1,-1,0,-1,-1,-1,-1,0,1,1,0,1,1,1,1,-1,0,-1,1,1,1,1,1,-1,0,0,-1,-1,1,-1,1,-1,0,1,-1,0,1,1,0,0,-1,1,-1,1,-1,1,1,0,-1,1,-1,1,-1,-1,0,0,1,1,1,1,-1,-1,1,1,-1,1,-1,-1,-1,1,1,-1,-1,-1,-1,1,1,1,-1,-1,-1,1,0,1,1,-1,0,-1,0,-1,-1,1,1,1,1,-1,1,1,-1,1,1,1,-1,-1,1,1,1,1,0,-1,1,1,1,1,1,-1,1,0,-1,1,-1,1,1,-1,-1,1,1,-1,-1,-1,-1,-1,-1,1,1,0,-1,0,-1,0,-1,0,1,1,1,1,1,1,-1,-1,-1,-1,0,1,-1,1,0,1,1,-1,-1,-1,-1,-1"
20-29,台灣,"Pop 流行樂, Classical 古典樂",Camila Cabello、告五人、德布西,yes,"-1,1,1,1,0,-1,1,-1,0,-1,1,0,-1,-1,1,0,-1,-1,-1,1,-1,1,0,1,1,1,-1,0,-1,1,0,-1,0,-1,-1,1,-1,-1,1,1,-1,1,1,1,0,-1,-1,0,1,1,1,-1,-1,1,1,-1,-1,1,-1,1,1,1,-1,0,-1,1,0,0,-1,-1,1,-1,-1,-1,1,-1,1,1,1,0,1,1,-1,-1,0,-1,-1,1,-1,-1,-1,-1,-1,-1,-1,0,-1,-1,1,-1,-1,0,1,-1,1,-1,1,1,-1,-1,0,1,1,-1,-1,1,-1,-1,1,0,1,0,-1,0,-1,-1,-1,-1,0,-1,-1,0,-1,-1,1,-1,-1,1,-1,-1,1,0,1,1,1,-1,-1,-1,0,-1,-1,1,0,-1,-1,0,0,1,-1,-1,-1,0,-1,-1,0,0,-1,-1,1,-1,-1,-1,-1,0,-1,-1,1,-1,-1,-1,-1,1,0,0,-1,-1,1,1,1,1,0,-1,-1,-1,-1,-1,-1,-1,-1,1,1,-1,-1,1,-1,1,1,0,1,1,1,-1,1,-1,1,1,1,-1,1,-1"
20-29,台灣,"Pop 流行樂, Classical 古典樂, Indie Rock 獨立音樂, Jazz/Blues 爵士樂／藍調",宇宙人、壞特、莊彥宇,yes,"-1,1,-1,0,-1,-1,1,1,0,-1,-1,0,-1,0,1,-1,1,0,-1,1,0,-1,1,1,-1,0,-1,-1,-1,-1,0,-1,-1,1,-1,-1,-1,-1,-1,-1,0,-1,1,0,-1,-1,-1,-1,0,1,-1,-1,1,0,1,0,0,1,-1,-1,-1,1,1,-1,-1,-1,-1,1,-1,-1,1,-1,-1,1,-1,0,0,-1,1,0,0,1,-1,-1,-1,-1,-1,0,-1,-1,-1,0,-1,-1,0,-1,0,1,-1,-1,-1,-1,1,0,-1,-1,-1,0,-1,0,-1,-1,0,-1,-1,-1,1,-1,-1,0,1,0,0,1,0,-1,-1,-1,-1,1,0,-1,1,-1,0,1,-1,-1,0,1,1,0,1,0,1,1,-1,-1,-1,0,-1,-1,0,-1,-1,-1,0,-1,0,-1,-1,1,-1,1,0,-1,-1,0,-1,0,1,0,-1,0,1,0,-1,-1,-1,0,0,1,0,-1,1,-1,-1,1,-1,0,1,-1,-1,-1,1,0,1,0,-1,-1,1,-1,-1,1,-1,-1,0,-1,1,-1,1,-1,1,-1,0,-1,-1,0,-1,1"
20-29,台灣,"Classical 古典樂, 我沒有特定一定聽什麼音樂ＱＱ",沒有特定歌手，都是以歌曲為主,yes,"-1,-1,-1,-1,-1,1,1,1,0,0,-1,-1,-1,1,0,-1,0,1,1,1,0,-1,1,-1,0,-1,1,-1,1,1,1,1,-1,-1,-1,0,0,0,-1,-1,-1,1,-1,1,-1,-1,-1,0,-1,-1,1,1,1,-1,1,-1,1,1,1,-1,-1,-1,1,0,-1,-1,1,-1,1,1,1,1,0,-1,-1,0,-1,1,-1,0,-1,-1,1,1,1,0,-1,-1,-1,-1,1,-1,-1,0,-1,-1,1,1,1,-1,1,1,-1,0,0,-1,1,1,0,0,-1,-1,0,-1,-1,-1,1,-1,1,-1,1,0,1,0,1,0,1,-1,-1,1,-1,-1,-1,-1,0,-1,-1,-1,-1,1,1,-1,0,0,-1,-1,0,1,1,-1,1,-1,-1,1,0,1,1,-1,-1,-1,-1,0,0,0,1,-1,1,-1,-1,-1,-1,1,-1,0,-1,-1,-1,0,1,0,1,1,0,0,0,-1,-1,1,1,0,-1,1,1,-1,1,1,-1,0,-1,-1,-1,1,0,0,1,-1,1,1,-1,-1,-1,-1,-1,1,-1,1,1,-1,1,-1"
20-29,中華民國,"Pop 流行樂, Classical 古典樂, Hip-hop / Rap 嘻哈樂／饒舌樂, Indie Rock 獨立音樂, Rock 搖滾音樂, 金屬樂",1.樂團:Powerwolf 2.樂團：Bring me the horizon 3.V.K克,no,"-1,1,0,1,0,-1,-1,-1,-1,-1,-1,1,-1,1,1,0,0,-1,0,0,1,-1,0,-1,-1,1,-1,-1,0,-1,-1,1,0,1,0,1,1,-1,1,-1,-1,0,-1,-1,1,1,-1,-1,0,-1,0,-1,0,-1,1,-1,-1,-1,-1,-1,0,0,-1,-1,1,-1,-1,1,1,1,0,-1,-1,1,1,-1,-1,-1,0,-1,-1,1,-1,0,-1,1,-1,-1,-1,-1,1,-1,-1,1,0,1,-1,-1,-1,0,-1,1,1,-1,1,1,-1,1,-1,-1,0,1,-1,1,1,1,-1,-1,1,0,1,-1,0,0,-1,0,-1,-1,-1,-1,-1,-1,1,0,0,1,0,-1,-1,-1,-1,1,-1,-1,0,-1,0,-1,-1,1,0,-1,1,0,1,-1,-1,1,0,-1,1,-1,-1,1,1,0,1,0,-1,1,1,-1,-1,1,0,1,-1,0,-1,0,-1,-1,0,0,-1,0,1,1,1,-1,-1,1,0,0,-1,-1,-1,-1,0,-1,1,-1,1,-1,1,1,0,0,-1,-1,0,-1,-1,0,1,1,0,0,0,0"
20-29,台灣,"Pop 流行樂, Classical 古典樂, Electronic Dance Music (EDM) 電音","Billie elishe,  imagine dragons, olivia rodrigo  ",no,"-1,1,0,-1,-1,-1,-1,-1,-1,-1,-1,-1,1,-1,-1,-1,1,1,-1,-1,-1,-1,0,1,-1,-1,1,-1,-1,-1,-1,-1,0,-1,-1,-1,-1,-1,-1,-1,-1,-1,-1,-1,1,-1,1,-1,-1,1,1,-1,-1,-1,-1,-1,-1,-1,1,1,-1,-1,1,-1,-1,-1,-1,-1,-1,1,-1,-1,-1,1,-1,1,-1,-1,-1,-1,-1,-1,0,-1,1,-1,-1,-1,-1,-1,-1,-1,-1,1,-1,-1,-1,-1,0,-1,-1,-1,-1,-1,-1,1,-1,-1,1,-1,-1,1,1,-1,-1,-1,0,-1,-1,-1,1,-1,-1,-1,0,1,0,-1,-1,-1,-1,-1,-1,-1,-1,-1,-1,-1,-1,-1,-1,-1,1,-1,-1,-1,-1,-1,-1,-1,-1,-1,1,1,-1,-1,1,-1,-1,0,-1,-1,-1,-1,-1,1,1,-1,-1,-1,-1,-1,-1,-1,-1,-1,-1,-1,-1,-1,-1,-1,-1,-1,-1,1,1,0,-1,-1,1,-1,1,-1,-1,1,1,-1,-1,-1,-1,0,1,1,1,-1,-1,-1,-1,-1,-1,-1,-1,-1,-1,-1,-1,1,-1,1"
20-29,台灣,"Pop 流行樂, Hip-hop / Rap 嘻哈樂／饒舌樂",告五人 韋禮安 瘦子,no,"-1,1,1,1,0,-1,-1,-1,-1,0,-1,0,-1,1,-1,-1,1,-1,-1,-1,-1,0,1,-1,0,0,0,1,-1,1,0,1,1,1,0,0,-1,-1,1,0,-1,-1,0,1,1,-1,0,0,0,-1,-1,-1,-1,0,1,0,-1,1,0,-1,0,-1,0,0,0,0,1,1,-1,-1,1,1,-1,-1,1,1,-1,0,-1,-1,-1,-1,0,0,0,0,1,0,0,0,-1,0,1,0,-1,0,0,1,-1,-1,1,-1,0,0,0,-1,1,-1,1,-1,0,1,1,-1,1,-1,0,-1,-1,0,1,-1,-1,-1,-1,1,-1,1,1,0,0,1,1,0,-1,1,0,1,0,1,-1,1,-1,0,-1,1,-1,-1,1,-1,0,-1,1,0,-1,0,0,-1,-1,-1,0,1,-1,-1,-1,-1,-1,1,-1,-1,-1,1,-1,-1,-1,0,-1,0,-1,-1,0,1,-1,0,-1,-1,1,-1,1,1,-1,0,0,-1,1,1,-1,0,-1,-1,-1,0,-1,-1,-1,0,-1,-1,-1,-1,-1,0,-1,0,0,0,-1,0,0,-1"
20-29,中華民國,"Pop 流行樂, Classical 古典樂, Religious 宗教音樂",張藝興/維也納少年合唱團/李雲迪,no,"0,1,1,-1,0,1,1,-1,1,-1,-1,1,-1,-1,1,1,-1,1,-1,1,1,-1,1,1,0,-1,1,1,-1,1,1,1,1,-1,-1,0,1,-1,-1,1,1,1,-1,1,1,-1,-1,0,-1,-1,1,-1,-1,-1,1,1,0,1,0,1,-1,-1,-1,-1,-1,-1,-1,1,-1,1,1,1,-1,-1,-1,-1,-1,-1,-1,0,-1,1,0,0,-1,-1,-1,-1,1,-1,-1,0,0,-1,-1,1,-1,1,-1,-1,1,1,1,1,-1,-1,1,1,1,0,1,1,-1,1,-1,-1,0,-1,1,1,-1,-1,-1,-1,1,1,-1,1,-1,1,1,1,-1,1,1,-1,-1,-1,1,-1,-1,-1,-1,-1,0,1,1,-1,1,1,-1,1,0,0,-1,1,1,1,-1,1,-1,-1,-1,-1,-1,-1,1,-1,-1,0,-1,-1,-1,1,-1,1,-1,-1,-1,-1,1,-1,-1,-1,-1,-1,0,-1,-1,-1,-1,-1,1,-1,-1,1,-1,1,1,-1,-1,-1,-1,-1,-1,-1,-1,1,1,1,-1,-1,-1,-1,1,1,1,1,1,1"
20-29,台灣,"Pop 流行樂, Classical 古典樂, Jazz/Blues 爵士樂／藍調",紅髮艾德、丹尼爾（城市情人）、泰勒斯,no,"-1,-1,0,-1,-1,-1,-1,-1,-1,-1,1,-1,-1,-1,-1,1,-1,-1,0,-1,1,-1,-1,-1,0,-1,1,-1,-1,-1,-1,-1,-1,-1,1,0,-1,-1,-1,-1,-1,-1,-1,-1,-1,-1,1,0,-1,-1,-1,-1,-1,-1,-1,-1,-1,-1,-1,-1,-1,0,-1,1,1,-1,1,-1,-1,0,-1,-1,0,1,-1,-1,-1,-1,0,-1,-1,-1,-1,-1,-1,-1,-1,-1,-1,-1,-1,-1,-1,-1,1,0,-1,0,-1,-1,1,0,1,0,0,-1,-1,-1,-1,0,-1,-1,-1,-1,-1,-1,-1,-1,-1,0,-1,0,-1,-1,0,-1,-1,-1,-1,-1,-1,-1,1,1,-1,-1,-1,-1,-1,-1,1,-1,1,-1,-1,-1,-1,0,-1,-1,-1,-1,-1,-1,-1,-1,-1,-1,-1,-1,-1,1,-1,-1,1,-1,-1,1,-1,-1,-1,-1,-1,-1,1,0,-1,0,-1,-1,-1,1,-1,0,0,1,-1,0,1,-1,-1,1,-1,-1,-1,-1,-1,-1,-1,-1,-1,-1,-1,-1,-1,-1,0,1,1,-1,-1,0,-1,-1,-1,-1,-1,-1,1,0"
20-29,台灣,"Pop 流行樂, Folk / Country 民歌／鄉村歌曲, Electronic Dance Music (EDM) 電音, Hip-hop / Rap 嘻哈樂／饒舌樂, Indie Rock 獨立音樂, R & B / Soul 節奏藍調／靈魂樂, Rock 搖滾音樂, Jazz/Blues 爵士樂／藍調",Cigarette after sex/ linkin park / coldplay,no,"-1,-1,-1,-1,-1,-1,-1,1,0,-1,-1,-1,-1,-1,-1,-1,0,1,-1,-1,-1,-1,-1,-1,-1,-1,-1,-1,1,-1,-1,-1,1,-1,-1,0,-1,1,-1,-1,-1,1,1,1,-1,-1,-1,-1,-1,-1,-1,-1,1,-1,-1,-1,-1,-1,1,-1,0,-1,-1,-1,-1,-1,-1,-1,-1,-1,-1,1,-1,1,-1,1,-1,-1,-1,-1,-1,-1,-1,-1,0,-1,-1,-1,1,-1,-1,1,-1,-1,1,-1,1,1,-1,-1,-1,1,-1,1,-1,-1,-1,-1,-1,0,-1,1,0,-1,-1,-1,1,1,0,1,-1,1,0,-1,0,-1,-1,-1,1,-1,-1,1,-1,1,-1,-1,1,-1,-1,-1,-1,-1,-1,-1,-1,-1,1,1,-1,1,-1,-1,-1,-1,-1,1,0,-1,-1,-1,-1,-1,-1,1,-1,1,-1,-1,-1,1,-1,-1,-1,0,-1,-1,-1,1,1,1,1,-1,-1,-1,1,-1,-1,-1,1,-1,1,-1,-1,-1,-1,-1,-1,-1,-1,1,-1,0,0,-1,-1,-1,1,-1,-1,-1,-1,-1,0,1,1,1,0,-1,-1,-1"
20-29,台灣,"Folk / Country 民歌／鄉村歌曲, Indie Rock 獨立音樂, R & B / Soul 節奏藍調／靈魂樂, Rock 搖滾音樂, Jazz/Blues 爵士樂／藍調","dream theater, deca joins, Bill Evans",no,"1,0,-1,1,-1,-1,-1,-1,0,1,1,0,-1,1,-1,-1,1,1,-1,-1,-1,-1,1,-1,1,1,0,-1,1,1,-1,1,0,1,0,0,1,0,1,1,1,0,-1,0,0,-1,-1,1,0,-1,-1,0,0,0,-1,-1,0,1,1,1,-1,-1,-1,0,-1,1,1,0,1,1,-1,1,0,-1,0,1,1,1,0,-1,1,-1,0,0,-1,-1,1,1,0,0,-1,-1,1,-1,0,1,0,1,-1,-1,-1,-1,0,-1,-1,-1,1,0,1,-1,-1,1,0,1,1,-1,-1,-1,-1,0,1,1,1,0,-1,-1,-1,1,1,-1,1,-1,1,-1,1,1,0,0,0,1,0,0,1,1,-1,1,1,1,1,1,1,1,1,-1,-1,1,0,1,-1,1,1,-1,1,0,-1,-1,-1,0,0,-1,1,1,0,0,0,-1,1,1,-1,1,-1,1,-1,1,-1,1,-1,-1,-1,0,-1,-1,-1,0,1,1,1,0,-1,-1,1,1,1,-1,1,-1,1,1,0,-1,-1,-1,0,1,1,0,-1,-1,1,1"
20-29,台灣,"Pop 流行樂, Indie Rock 獨立音樂, Jazz/Blues 爵士樂／藍調",宇宙人、綠黃色社會、YOASOBI,no,"-1,0,1,1,-1,-1,1,1,1,1,1,-1,1,-1,1,-1,1,1,-1,-1,-1,-1,-1,1,-1,-1,1,1,-1,-1,-1,-1,1,0,1,0,-1,-1,-1,1,-1,1,1,1,1,-1,-1,1,-1,-1,-1,-1,1,-1,1,-1,1,-1,-1,0,-1,1,-1,1,-1,-1,-1,1,-1,1,0,1,1,-1,-1,1,-1,-1,1,0,0,-1,-1,-1,1,0,-1,-1,1,-1,1,1,-1,-1,1,-1,-1,0,0,-1,-1,-1,1,-1,1,-1,-1,-1,-1,1,-1,-1,1,1,-1,1,-1,-1,0,-1,1,1,1,-1,-1,-1,-1,0,1,-1,-1,0,-1,-1,1,-1,-1,1,-1,-1,-1,-1,1,-1,1,1,-1,1,0,1,1,-1,-1,-1,-1,-1,1,-1,1,-1,-1,1,-1,-1,-1,1,0,-1,-1,-1,0,1,1,1,-1,1,-1,-1,-1,-1,0,1,-1,0,-1,-1,1,-1,1,-1,1,-1,-1,1,-1,-1,1,1,1,0,1,-1,-1,-1,-1,0,1,1,-1,-1,-1,0,-1,1,-1,-1,-1,0,1,1"
20-29,中華民國,"Pop 流行樂, Classical 古典樂, Electronic Dance Music (EDM) 電音",久石讓/hans zimmer/ヨルシカ,no,"-1,-1,1,1,1,-1,-1,-1,-1,0,-1,0,1,0,1,1,0,-1,0,-1,1,-1,-1,1,1,-1,1,-1,0,-1,-1,1,1,-1,-1,1,-1,1,1,1,-1,-1,1,0,1,-1,0,-1,1,-1,-1,-1,0,-1,1,-1,-1,1,1,1,-1,1,-1,-1,-1,1,-1,-1,1,-1,1,-1,0,-1,1,-1,-1,-1,-1,-1,-1,-1,-1,1,1,-1,1,0,1,-1,-1,1,1,1,0,1,0,1,1,-1,-1,0,-1,-1,1,1,1,-1,-1,0,0,1,-1,1,1,1,1,-1,1,0,1,-1,-1,1,-1,1,1,1,-1,0,-1,0,-1,-1,1,-1,0,1,1,1,0,-1,1,1,1,-1,1,1,1,1,-1,-1,0,0,1,1,1,1,0,1,1,-1,-1,0,-1,-1,-1,-1,1,1,-1,-1,1,0,1,0,1,0,1,-1,1,-1,-1,0,-1,0,1,0,1,1,1,1,0,-1,1,1,1,1,-1,1,1,1,-1,-1,0,-1,-1,-1,-1,1,0,1,0,1,-1,-1,1,1,-1,-1"
20-29,臺灣,"Folk / Country 民歌／鄉村歌曲, Indie Rock 獨立音樂, Rock 搖滾音樂, Jazz/Blues 爵士樂／藍調",茄子蛋 Ado Mr. Big,no,"1,-1,0,1,0,-1,-1,-1,0,-1,-1,-1,-1,1,-1,0,0,1,1,-1,1,-1,-1,1,1,1,1,0,-1,-1,1,1,-1,-1,1,-1,1,-1,-1,1,-1,1,-1,-1,-1,-1,1,1,-1,-1,0,-1,-1,-1,-1,-1,0,-1,1,-1,-1,0,-1,1,1,1,-1,0,1,-1,1,1,-1,-1,-1,1,1,1,1,1,1,-1,-1,1,1,-1,0,-1,-1,1,-1,-1,1,1,1,-1,1,-1,-1,0,-1,1,1,0,1,-1,-1,1,-1,1,-1,1,-1,1,-1,1,-1,1,1,0,-1,-1,1,-1,0,-1,1,1,0,1,1,-1,1,-1,-1,1,-1,1,1,-1,1,0,1,-1,1,-1,-1,-1,1,1,-1,-1,1,1,-1,-1,-1,-1,0,1,-1,-1,-1,1,-1,1,-1,1,-1,1,-1,-1,-1,1,-1,1,-1,-1,-1,1,0,-1,-1,-1,0,-1,1,1,-1,-1,-1,-1,1,0,-1,-1,-1,1,-1,0,1,-1,1,0,1,1,0,1,-1,-1,1,-1,-1,1,1,-1,-1,1,1,-1"
20-29,台灣,"Pop 流行樂, Electronic Dance Music (EDM) 電音, Hip-hop / Rap 嘻哈樂／饒舌樂",Post Malone /24KGoldn/khalid,no,"-1,-1,-1,-1,-1,-1,-1,-1,-1,-1,1,-1,-1,-1,-1,1,-1,-1,-1,-1,-1,0,-1,-1,-1,-1,-1,0,-1,-1,-1,-1,-1,-1,-1,-1,-1,1,-1,-1,-1,-1,-1,-1,-1,-1,-1,1,-1,-1,0,-1,-1,1,1,-1,-1,-1,-1,1,-1,-1,-1,-1,-1,-1,0,-1,-1,1,1,-1,-1,-1,-1,-1,0,-1,-1,1,-1,-1,-1,-1,1,-1,-1,-1,-1,-1,-1,-1,-1,-1,-1,-1,-1,-1,-1,-1,-1,-1,-1,-1,-1,-1,-1,-1,-1,-1,-1,1,-1,-1,-1,-1,0,-1,1,-1,-1,-1,0,0,-1,1,1,-1,1,-1,-1,-1,0,1,1,1,-1,-1,-1,-1,-1,-1,-1,-1,-1,-1,-1,-1,1,-1,-1,-1,-1,-1,-1,1,-1,-1,-1,-1,-1,-1,0,-1,-1,1,-1,-1,-1,-1,-1,-1,-1,-1,-1,-1,-1,-1,1,-1,-1,-1,-1,-1,-1,-1,-1,-1,1,-1,-1,1,-1,-1,-1,-1,-1,-1,0,-1,1,1,-1,1,-1,1,-1,1,-1,-1,-1,1,-1,-1,-1,1,1,-1,-1,-1"
20-29,中華民國,"Pop 流行樂, Electronic Dance Music (EDM) 電音",五月天、理想混蛋、珂拉琪,no,"-1,-1,-1,-1,-1,-1,-1,1,1,-1,1,-1,1,1,0,-1,-1,1,1,-1,1,-1,1,-1,-1,1,0,0,1,1,0,-1,1,1,-1,1,1,0,-1,-1,1,0,1,1,1,-1,-1,0,1,-1,1,-1,-1,-1,-1,1,1,-1,0,1,1,0,1,-1,1,-1,1,-1,0,1,1,0,0,-1,-1,-1,-1,1,0,0,-1,1,0,-1,-1,-1,-1,-1,1,1,-1,-1,-1,0,-1,1,1,1,-1,-1,1,0,1,-1,1,0,-1,-1,1,1,0,0,-1,1,-1,0,-1,-1,1,0,1,0,0,-1,0,1,1,-1,0,1,-1,0,-1,-1,-1,1,1,-1,0,-1,1,-1,1,1,1,1,-1,-1,1,-1,-1,-1,1,1,1,-1,-1,-1,1,-1,-1,-1,-1,-1,1,-1,-1,1,0,-1,-1,0,1,0,-1,-1,-1,0,1,-1,1,-1,-1,-1,-1,1,-1,-1,-1,-1,-1,0,1,0,-1,1,-1,1,0,-1,-1,-1,1,1,-1,-1,1,1,0,-1,-1,1,1,0,-1,-1,-1,-1,1,-1"
20-29,台灣,"Pop 流行樂, Hip-hop / Rap 嘻哈樂／饒舌樂, Indie Rock 獨立音樂, R & B / Soul 節奏藍調／靈魂樂, Rock 搖滾音樂, Jazz/Blues 爵士樂／藍調",88rising /ozi/血肉果汁機,no,"-1,-1,-1,1,-1,1,1,1,-1,1,-1,1,1,1,-1,1,0,1,-1,0,0,-1,-1,-1,0,1,0,1,1,-1,-1,0,0,1,0,-1,0,0,1,1,-1,-1,-1,1,-1,-1,1,0,1,-1,1,-1,-1,-1,0,1,0,0,0,1,1,-1,0,1,1,-1,-1,0,-1,1,1,0,-1,-1,1,-1,1,0,1,1,1,-1,1,-1,1,0,-1,-1,0,-1,1,-1,-1,-1,1,-1,1,1,1,1,1,-1,1,-1,-1,-1,-1,-1,-1,0,0,-1,-1,-1,1,-1,1,1,-1,0,1,0,0,-1,-1,-1,1,0,1,1,-1,-1,-1,1,1,-1,1,-1,1,-1,1,1,-1,-1,-1,1,-1,-1,0,1,0,-1,0,1,0,-1,0,1,0,1,0,-1,-1,-1,1,-1,1,-1,0,1,1,1,-1,0,-1,0,-1,0,1,0,-1,1,-1,-1,0,1,1,-1,0,-1,-1,1,-1,0,-1,-1,-1,1,-1,-1,1,1,0,1,1,1,0,-1,-1,-1,0,1,1,-1,-1,0,-1,-1,-1,1"
20-29,台灣,"Pop 流行樂, Folk / Country 民歌／鄉村歌曲, Classical 古典樂, Hip-hop / Rap 嘻哈樂／饒舌樂",Taylor Swift/老王樂隊/Luciano Pavarotti,no,"-1,-1,-1,-1,-1,-1,-1,-1,-1,-1,-1,-1,-1,-1,-1,-1,-1,-1,0,1,-1,-1,0,-1,1,-1,-1,-1,-1,-1,-1,-1,1,-1,-1,0,1,-1,-1,-1,-1,-1,0,-1,-1,-1,-1,-1,-1,-1,-1,-1,-1,0,-1,-1,-1,-1,-1,-1,-1,-1,-1,-1,-1,-1,1,0,-1,1,-1,1,-1,-1,-1,1,-1,-1,-1,1,-1,-1,-1,-1,-1,0,-1,-1,-1,1,-1,-1,-1,-1,0,-1,-1,-1,-1,-1,-1,-1,1,0,-1,-1,-1,-1,-1,-1,-1,1,-1,1,-1,-1,-1,-1,-1,1,-1,0,-1,-1,0,1,-1,-1,-1,-1,-1,0,-1,-1,-1,-1,-1,-1,-1,-1,-1,-1,0,-1,0,-1,1,1,-1,-1,-1,1,-1,-1,-1,1,-1,-1,-1,-1,-1,-1,-1,-1,-1,0,-1,-1,-1,0,-1,0,-1,-1,-1,-1,-1,-1,-1,-1,-1,-1,-1,0,-1,1,-1,-1,1,-1,-1,-1,0,-1,-1,1,-1,0,-1,-1,-1,-1,0,-1,-1,-1,0,1,-1,-1,-1,-1,-1,1,-1,-1,1,0,1,-1"
20-29,中華民國,"Pop 流行樂, Folk / Country 民歌／鄉村歌曲, Classical 古典樂, Hip-hop / Rap 嘻哈樂／饒舌樂, Jazz/Blues 爵士樂／藍調","Gem, Taylor swift ,imagine dragon",no,"-1,-1,-1,-1,-1,-1,-1,-1,-1,-1,-1,-1,-1,-1,-1,-1,-1,-1,-1,-1,-1,-1,-1,-1,-1,-1,-1,-1,-1,-1,-1,-1,-1,-1,-1,-1,-1,-1,-1,-1,-1,-1,-1,-1,-1,-1,-1,-1,-1,-1,-1,-1,-1,-1,-1,-1,-1,-1,-1,-1,-1,-1,-1,-1,-1,-1,-1,-1,-1,-1,-1,-1,-1,-1,-1,-1,-1,-1,-1,-1,-1,-1,-1,-1,-1,-1,-1,-1,-1,-1,-1,-1,-1,-1,-1,-1,-1,-1,-1,-1,-1,-1,-1,-1,-1,-1,-1,-1,-1,-1,-1,-1,-1,-1,-1,-1,-1,-1,-1,-1,-1,-1,-1,-1,-1,-1,-1,-1,-1,-1,-1,-1,-1,-1,-1,-1,-1,-1,-1,-1,-1,-1,-1,-1,-1,-1,-1,-1,-1,-1,-1,-1,-1,-1,-1,-1,-1,-1,-1,-1,-1,-1,-1,-1,-1,-1,-1,-1,-1,-1,-1,-1,-1,-1,-1,-1,-1,-1,-1,-1,-1,-1,-1,-1,-1,-1,-1,-1,-1,-1,-1,-1,1,-1,-1,-1,-1,-1,-1,-1,-1,-1,-1,-1,-1,-1,-1,-1,-1,-1,-1,-1,-1,-1,-1,0,-1,-1,-1,-1"
20-29,TAIWAN,"Indie Rock 獨立音樂, Rock 搖滾音樂",Mogwai/Paint the sky red /Mooncake,yes,"-1,0,0,0,0,1,0,-1,0,-1,-1,0,1,1,-1,-1,-1,0,0,-1,1,-1,0,-1,0,1,-1,1,-1,1,0,1,1,0,-1,0,1,-1,0,-1,-1,1,1,1,0,-1,-1,-1,-1,-1,1,1,1,-1,-1,0,0,0,0,-1,1,0,0,-1,-1,-1,1,1,-1,-1,1,0,-1,-1,-1,1,0,-1,0,-1,1,-1,-1,0,0,-1,-1,1,0,-1,-1,0,-1,0,0,1,-1,-1,0,-1,-1,-1,-1,-1,-1,0,-1,0,1,0,-1,1,-1,-1,-1,-1,-1,-1,-1,-1,0,1,-1,1,0,-1,1,-1,0,-1,1,-1,1,-1,1,1,0,1,1,-1,0,1,1,-1,-1,-1,1,1,1,-1,-1,0,-1,-1,0,1,0,-1,1,1,-1,-1,-1,0,1,0,-1,0,-1,0,0,-1,-1,-1,-1,-1,-1,-1,1,0,-1,-1,-1,0,-1,1,1,1,1,-1,0,-1,0,-1,-1,1,-1,0,1,-1,1,-1,0,0,1,0,-1,0,0,1,1,1,-1,-1,-1,-1,0,-1,1,-1"
20-29,台灣,"Pop 流行樂, Classical 古典樂, Hip-hop / Rap 嘻哈樂／饒舌樂","John Williams, Hans Zimmer, Lin-Manuel Miranda",no,"-1,-1,-1,1,0,1,1,1,0,0,1,1,1,1,1,-1,-1,1,-1,-1,-1,1,0,-1,1,-1,-1,-1,-1,-1,-1,0,1,-1,1,-1,1,-1,1,-1,-1,1,-1,-1,1,-1,-1,-1,1,-1,1,1,1,0,-1,1,-1,-1,-1,1,-1,-1,-1,-1,1,1,-1,1,-1,1,-1,-1,-1,-1,1,-1,1,-1,-1,1,-1,1,-1,1,1,-1,-1,1,1,1,1,1,-1,1,-1,1,-1,0,-1,-1,-1,0,1,0,1,-1,-1,1,-1,1,-1,-1,1,1,-1,-1,1,1,-1,-1,-1,1,1,-1,0,-1,1,1,1,-1,1,1,1,1,-1,-1,1,1,-1,-1,1,0,1,0,1,1,1,1,1,-1,1,-1,-1,-1,1,1,-1,-1,-1,-1,1,-1,-1,-1,-1,1,1,0,1,1,1,1,-1,1,-1,0,1,1,-1,1,1,1,-1,1,-1,-1,-1,1,1,-1,1,-1,1,1,-1,1,-1,-1,-1,-1,1,-1,1,-1,-1,1,0,-1,1,-1,-1,1,-1,-1,1,-1,-1,1,1,1"
20-29,Taiwan,Pop 流行樂,Akon，美秀集團， 熊熊,no,"-1,-1,0,1,-1,-1,0,1,-1,-1,0,-1,1,1,0,1,-1,-1,-1,-1,0,0,0,-1,0,-1,1,0,1,1,0,-1,0,1,0,0,1,-1,0,1,-1,-1,-1,1,1,1,-1,0,-1,1,1,-1,-1,1,0,1,0,1,-1,-1,0,-1,-1,-1,1,1,1,0,1,-1,-1,1,0,-1,1,1,1,-1,-1,0,1,-1,-1,-1,0,0,1,1,-1,1,-1,-1,1,-1,0,1,-1,1,0,1,-1,-1,0,0,-1,1,1,1,-1,0,-1,0,0,1,-1,1,0,-1,1,0,-1,-1,-1,-1,1,-1,1,1,-1,0,0,0,-1,-1,-1,1,0,0,1,1,1,0,0,0,1,-1,0,-1,1,1,-1,-1,-1,-1,1,-1,-1,-1,0,1,1,0,1,1,-1,1,-1,1,-1,1,0,1,-1,-1,1,0,1,0,-1,0,1,0,-1,0,1,1,-1,1,0,0,-1,1,-1,1,1,-1,1,1,0,0,0,-1,1,-1,1,0,-1,-1,0,0,1,-1,0,1,1,0,1,0,-1,-1"
20-29,台灣,"Pop 流行樂, Classical 古典樂, R & B / Soul 節奏藍調／靈魂樂, Jazz/Blues 爵士樂／藍調",Stacey Kent/ Maroon5/ Tchaikovsky ,yes,"-1,1,-1,1,1,1,1,-1,0,1,-1,1,1,-1,-1,-1,1,1,-1,1,-1,1,-1,1,-1,1,1,1,1,1,-1,-1,1,-1,1,0,-1,1,1,1,1,1,-1,-1,-1,-1,-1,-1,-1,-1,-1,-1,1,1,-1,-1,0,1,1,1,1,1,-1,-1,1,-1,0,-1,-1,-1,1,-1,0,-1,-1,1,1,1,-1,1,1,1,0,-1,1,1,-1,0,1,1,-1,1,-1,-1,-1,1,1,1,-1,-1,1,1,-1,-1,-1,1,-1,-1,-1,0,1,1,1,1,-1,0,-1,-1,-1,-1,-1,0,0,1,1,-1,-1,0,1,-1,-1,-1,1,-1,-1,-1,-1,0,-1,-1,0,0,-1,1,1,-1,1,1,1,-1,-1,-1,0,1,-1,0,1,1,-1,-1,-1,1,1,-1,1,-1,-1,-1,1,1,-1,1,-1,-1,0,1,-1,1,1,1,-1,-1,0,1,1,1,-1,0,1,-1,1,1,1,1,-1,1,-1,-1,1,1,1,-1,1,1,-1,-1,-1,-1,-1,-1,-1,1,0,-1,-1,1,1,1,1,-1"
20-29,Indonesia,"Pop 流行樂, Folk / Country 民歌／鄉村歌曲, Classical 古典樂, Hip-hop / Rap 嘻哈樂／饒舌樂","Kodaline, Passenger, Kina Grannis",no,"-1,-1,-1,1,-1,-1,0,-1,0,-1,1,-1,-1,0,0,-1,1,1,1,1,0,1,-1,1,1,-1,-1,-1,1,1,-1,-1,0,1,0,-1,1,0,-1,1,1,-1,0,-1,-1,-1,-1,-1,0,-1,1,-1,1,-1,-1,1,0,1,-1,-1,-1,0,0,0,-1,-1,1,-1,-1,1,0,-1,0,-1,1,-1,1,-1,1,0,1,1,0,0,-1,-1,1,0,-1,-1,-1,0,1,1,0,1,1,1,-1,0,-1,1,0,0,1,0,-1,0,-1,-1,-1,0,1,-1,1,-1,1,0,-1,0,1,-1,0,0,-1,-1,0,0,-1,-1,0,-1,0,-1,0,0,-1,0,1,-1,-1,-1,1,0,1,-1,-1,-1,-1,-1,-1,0,0,0,-1,-1,1,-1,0,-1,0,0,0,1,0,1,0,0,-1,1,-1,1,-1,1,1,-1,-1,1,1,1,-1,-1,0,-1,1,1,-1,-1,-1,1,1,-1,-1,-1,0,-1,1,-1,0,1,-1,1,0,1,0,0,1,1,0,-1,-1,0,0,-1,1,0,0,1,1,1"
20-29,台灣,Pop 流行樂,莫文蔚、周深、米津玄師,no,"0,1,0,1,0,1,1,-1,1,-1,-1,-1,0,0,0,0,-1,-1,1,1,0,1,0,0,0,-1,0,0,0,0,1,-1,-1,1,0,0,-1,0,0,0,-1,0,1,-1,0,0,-1,0,-1,-1,-1,1,0,0,1,-1,0,0,-1,1,0,-1,1,-1,-1,-1,0,-1,-1,1,0,0,1,0,-1,-1,0,-1,0,-1,-1,-1,0,0,1,0,-1,0,0,0,-1,0,-1,-1,0,1,1,-1,0,-1,-1,0,0,0,-1,-1,-1,-1,-1,0,-1,1,1,0,-1,0,-1,-1,-1,0,1,-1,-1,0,-1,0,0,-1,0,1,-1,0,-1,-1,-1,0,0,0,-1,0,1,-1,1,0,-1,-1,0,1,-1,1,-1,0,0,-1,1,-1,-1,-1,-1,1,0,0,0,0,0,-1,1,-1,0,-1,1,-1,1,0,1,-1,1,-1,1,-1,1,0,-1,0,-1,-1,1,0,1,0,-1,1,1,-1,-1,0,1,0,0,-1,1,0,-1,0,-1,0,1,0,-1,1,0,-1,1,1,0,0,-1,-1,-1,1"
20-29,臺灣,"Pop 流行樂, Classical 古典樂",周杰倫 林俊傑 蕭敬騰,no,"-1,1,-1,-1,-1,-1,-1,1,-1,1,1,1,1,-1,1,-1,-1,-1,1,-1,-1,-1,1,-1,-1,1,1,-1,-1,-1,1,-1,-1,-1,-1,0,1,-1,1,-1,-1,-1,1,-1,-1,-1,-1,-1,-1,1,0,-1,-1,-1,-1,-1,-1,-1,1,-1,1,-1,-1,-1,-1,-1,-1,-1,1,-1,-1,1,1,-1,-1,-1,-1,-1,-1,-1,-1,-1,0,-1,-1,-1,-1,-1,1,-1,-1,1,-1,1,-1,-1,-1,1,-1,-1,1,-1,-1,1,-1,1,-1,-1,-1,0,0,-1,1,1,-1,-1,0,-1,-1,-1,-1,1,1,-1,0,1,-1,1,1,1,-1,-1,1,1,0,-1,-1,-1,-1,1,1,-1,-1,1,-1,1,1,1,1,-1,-1,-1,-1,-1,-1,-1,-1,-1,-1,-1,-1,1,0,-1,0,-1,-1,-1,-1,-1,1,1,-1,-1,1,1,-1,-1,1,0,1,-1,-1,-1,1,-1,-1,1,1,-1,-1,-1,1,-1,-1,1,-1,-1,1,1,-1,1,-1,-1,-1,-1,1,1,-1,-1,-1,1,1,1,-1,-1,-1,-1,-1,1"
20-29,Taiwan,Pop 流行樂,鄧紫棋/周深/Talor,no,"-1,1,-1,1,-1,0,-1,0,-1,-1,1,1,1,-1,1,0,-1,-1,1,1,-1,-1,1,-1,0,0,-1,1,0,-1,-1,-1,1,1,0,-1,1,0,1,-1,1,-1,-1,1,1,-1,0,1,-1,-1,1,-1,0,0,-1,1,0,-1,0,-1,-1,0,1,0,1,1,-1,-1,-1,-1,-1,1,1,1,1,-1,-1,1,1,-1,-1,0,0,0,0,-1,-1,-1,1,-1,1,-1,-1,-1,-1,-1,1,-1,-1,-1,1,0,-1,-1,-1,1,-1,0,1,0,-1,-1,1,-1,-1,-1,0,1,-1,-1,-1,0,0,-1,0,1,-1,1,-1,1,1,-1,-1,-1,1,-1,1,-1,-1,1,1,-1,-1,1,0,1,-1,1,-1,1,1,-1,-1,-1,1,-1,-1,1,1,1,-1,1,-1,0,0,0,-1,-1,0,0,-1,0,-1,-1,-1,-1,1,1,-1,1,-1,-1,1,-1,-1,-1,-1,0,1,-1,1,0,-1,1,1,0,-1,0,0,1,-1,-1,-1,1,-1,1,-1,1,-1,1,1,1,-1,-1,1,-1,1,-1,-1,1"
20-29,馬來西亞,"Pop 流行樂, Folk / Country 民歌／鄉村歌曲, Classical 古典樂, Indie Rock 獨立音樂",Lee So-ra; 房東的貓; 阿牛(陳慶祥),yes,"-1,-1,-1,-1,0,-1,-1,-1,-1,0,1,-1,-1,-1,-1,-1,1,1,-1,1,0,1,1,0,0,-1,-1,-1,-1,-1,1,-1,-1,1,-1,0,-1,-1,0,0,-1,-1,1,-1,0,-1,1,1,1,-1,-1,-1,-1,1,1,1,-1,1,1,1,1,-1,-1,0,-1,-1,-1,1,-1,-1,0,-1,-1,1,-1,0,1,-1,-1,1,-1,1,0,-1,-1,-1,-1,0,-1,-1,0,0,-1,1,-1,-1,0,-1,1,-1,0,0,-1,-1,0,-1,-1,-1,-1,0,0,1,1,0,-1,0,-1,-1,1,-1,1,0,0,-1,0,1,-1,-1,0,0,-1,0,1,-1,1,-1,1,-1,0,-1,-1,-1,1,1,1,-1,1,-1,1,1,1,1,-1,0,-1,0,1,-1,-1,-1,0,-1,0,-1,-1,-1,1,-1,-1,-1,1,1,0,0,1,-1,-1,-1,0,0,-1,0,-1,0,-1,-1,-1,1,1,0,-1,-1,-1,-1,-1,-1,-1,1,-1,-1,-1,-1,0,-1,-1,1,0,1,0,1,0,1,-1,-1,1,-1,-1,-1,1,-1"
20-29,台灣,Classical 古典樂,Schumann/Grieg/Beethoven,yes,"1,-1,0,1,0,1,0,-1,0,1,0,1,-1,-1,1,0,-1,1,1,1,-1,-1,0,1,1,0,1,1,-1,-1,0,0,1,1,1,0,1,-1,0,0,0,0,-1,1,-1,1,-1,-1,-1,-1,-1,1,1,-1,1,-1,0,-1,1,-1,0,-1,-1,0,1,-1,1,-1,1,-1,-1,1,-1,-1,1,0,1,-1,-1,-1,-1,1,-1,1,-1,0,1,0,-1,0,-1,1,-1,0,0,0,-1,0,-1,-1,-1,-1,1,0,1,1,-1,-1,-1,0,0,-1,-1,1,-1,-1,-1,-1,-1,-1,0,0,0,-1,-1,1,1,1,0,1,-1,0,1,0,0,-1,1,1,1,1,-1,0,1,1,1,1,1,1,1,1,0,-1,-1,0,-1,0,1,1,0,1,-1,1,1,-1,0,1,-1,-1,1,1,-1,0,-1,0,1,-1,-1,0,1,0,1,-1,0,-1,1,1,-1,-1,1,-1,-1,0,1,-1,1,1,-1,-1,0,1,-1,0,-1,-1,-1,1,-1,1,0,1,-1,1,1,1,-1,1,0,-1,0,-1"
20-29,中華民國,"Pop 流行樂, Classical 古典樂, Indie Rock 獨立音樂","Low Roar, 米津玄師, Vast & Hazy",no,"-1,-1,0,-1,1,-1,-1,1,0,1,-1,-1,-1,1,-1,-1,-1,-1,-1,-1,0,1,0,1,-1,-1,1,1,0,1,0,1,1,0,1,-1,1,0,-1,-1,1,-1,0,1,-1,-1,0,0,1,-1,1,-1,1,-1,-1,0,0,-1,1,-1,1,-1,-1,0,1,-1,0,1,-1,0,-1,-1,0,-1,1,0,-1,1,-1,-1,1,1,0,-1,-1,0,1,1,0,-1,-1,1,-1,1,0,0,-1,0,1,-1,1,-1,-1,0,1,1,-1,-1,-1,-1,0,1,1,-1,-1,-1,-1,1,0,0,-1,-1,-1,0,0,-1,1,0,-1,1,-1,1,0,1,0,-1,-1,-1,-1,1,-1,1,-1,-1,-1,-1,1,0,1,-1,1,-1,1,-1,0,1,-1,-1,-1,0,1,0,0,-1,1,-1,1,1,1,1,-1,-1,-1,0,0,1,-1,0,1,0,1,-1,-1,-1,1,-1,-1,1,-1,-1,-1,-1,0,1,1,-1,-1,0,0,-1,1,0,-1,-1,-1,-1,-1,-1,-1,1,1,0,1,0,-1,-1,-1,-1,-1,1"
20-29,Taiwan,"Pop 流行樂, Folk / Country 民歌／鄉村歌曲",五佰/kalafina/man with a mission,no,"1,1,-1,-1,0,-1,1,1,-1,-1,-1,0,-1,1,-1,0,0,1,1,1,-1,-1,-1,-1,0,1,1,1,0,1,1,0,0,-1,-1,-1,1,1,-1,1,0,1,1,-1,1,-1,1,-1,-1,1,0,1,0,0,1,-1,0,-1,-1,1,-1,-1,1,1,-1,1,-1,0,1,-1,1,1,1,1,-1,1,1,1,-1,-1,1,-1,0,0,1,-1,1,-1,1,1,1,-1,-1,1,-1,1,1,1,0,-1,-1,0,0,0,0,0,-1,1,-1,0,1,-1,-1,1,-1,0,-1,1,-1,1,0,-1,0,1,-1,1,-1,-1,-1,-1,1,1,-1,1,1,-1,0,-1,-1,1,1,1,1,-1,-1,0,-1,1,0,1,0,1,-1,1,1,1,-1,-1,0,1,-1,-1,-1,-1,1,0,1,1,1,1,-1,-1,1,-1,1,-1,-1,-1,-1,-1,-1,1,1,1,-1,-1,-1,-1,1,1,0,-1,-1,0,1,1,-1,-1,-1,1,1,-1,-1,-1,-1,-1,0,-1,1,-1,-1,0,0,1,1,0,-1,1,1,1"
20-29,台灣,"Pop 流行樂, Folk / Country 民歌／鄉村歌曲, Classical 古典樂, Indie Rock 獨立音樂, R & B / Soul 節奏藍調／靈魂樂, Jazz/Blues 爵士樂／藍調, Religious 宗教音樂","Bach, Aimyon, Home Free",no,"0,-1,1,1,0,1,-1,-1,-1,1,0,1,1,-1,-1,1,0,1,-1,0,1,1,1,-1,-1,-1,1,-1,1,1,-1,-1,1,-1,0,-1,1,0,1,0,0,-1,-1,1,0,-1,1,-1,0,1,-1,1,0,-1,-1,1,0,1,1,0,1,1,-1,1,1,-1,1,1,-1,1,1,0,1,-1,-1,1,1,-1,0,1,1,-1,0,-1,1,1,1,0,-1,-1,1,-1,-1,0,1,-1,-1,1,1,-1,-1,-1,-1,0,-1,1,1,-1,-1,-1,0,1,-1,1,1,0,1,-1,1,0,-1,1,1,-1,0,0,1,1,1,-1,-1,1,0,1,-1,1,1,0,-1,1,-1,0,0,-1,1,1,0,-1,-1,1,-1,0,-1,0,-1,-1,1,-1,0,-1,-1,-1,1,1,0,-1,0,-1,-1,-1,-1,-1,1,1,-1,-1,-1,1,1,-1,-1,-1,1,1,-1,1,1,-1,1,1,-1,1,-1,-1,-1,1,1,-1,1,-1,1,-1,0,-1,1,1,1,-1,-1,1,-1,-1,0,1,-1,-1,0,0,1,1"
20-29,台灣,Pop 流行樂,鄧紫棋/五月天/周杰倫,no,"-1,-1,0,-1,0,-1,1,-1,0,-1,-1,1,1,1,-1,0,-1,1,-1,1,-1,0,0,1,0,1,-1,1,1,-1,-1,-1,0,1,0,-1,-1,-1,1,-1,-1,-1,1,-1,-1,1,1,-1,-1,-1,-1,-1,0,-1,1,-1,1,-1,0,-1,-1,-1,-1,0,-1,1,1,1,-1,1,-1,0,0,-1,1,-1,1,1,1,1,-1,-1,0,0,0,1,1,-1,-1,-1,0,1,-1,0,0,0,0,1,-1,0,0,-1,1,-1,0,1,-1,1,-1,0,1,-1,-1,1,-1,-1,1,-1,1,1,1,0,-1,0,0,1,-1,-1,1,-1,0,0,-1,-1,-1,1,1,1,1,-1,0,0,-1,-1,1,1,-1,-1,1,1,0,-1,0,-1,-1,0,0,1,0,-1,0,-1,-1,1,-1,0,-1,0,-1,0,1,-1,1,1,0,1,-1,0,1,0,-1,1,0,-1,1,1,-1,0,0,0,-1,0,0,1,1,1,-1,-1,-1,0,-1,-1,0,-1,1,-1,-1,1,0,0,0,-1,1,-1,1,-1,-1,-1,1,-1"
20-29,台灣,Pop 流行樂,陳奕迅、品冠、周傳雄,no,"-1,-1,1,-1,-1,-1,-1,-1,-1,1,1,-1,-1,1,-1,1,0,-1,1,-1,-1,1,-1,-1,-1,-1,-1,-1,-1,-1,1,-1,1,-1,-1,1,-1,1,1,1,-1,1,-1,-1,-1,1,-1,-1,-1,-1,1,-1,-1,-1,1,-1,-1,-1,-1,1,-1,-1,-1,-1,1,1,-1,1,-1,1,1,1,1,1,-1,1,1,1,-1,1,1,1,0,1,-1,-1,1,-1,-1,-1,1,1,1,-1,-1,-1,-1,1,-1,-1,-1,-1,-1,1,0,-1,-1,-1,-1,1,1,0,-1,0,1,-1,-1,-1,-1,-1,1,1,-1,-1,-1,1,1,1,-1,1,-1,-1,-1,1,1,1,1,-1,-1,-1,-1,-1,-1,-1,-1,-1,-1,-1,1,1,1,1,-1,1,-1,-1,-1,1,-1,-1,-1,1,-1,-1,1,1,-1,-1,-1,-1,1,0,-1,-1,1,0,-1,1,-1,-1,1,1,-1,-1,1,-1,-1,-1,-1,-1,-1,1,0,1,-1,-1,-1,1,-1,-1,-1,1,-1,-1,-1,-1,1,1,1,0,1,-1,1,1,-1,-1,-1,-1,-1,1"
20-29,台灣,"Pop 流行樂, Folk / Country 民歌／鄉村歌曲, Hip-hop / Rap 嘻哈樂／饒舌樂, R & B / Soul 節奏藍調／靈魂樂","Jeremy Zucker, 莫宰羊, TRASH",no,"-1,0,0,1,0,-1,-1,-1,-1,-1,-1,-1,-1,1,-1,-1,0,1,-1,1,0,-1,0,0,-1,-1,0,1,-1,1,0,-1,0,0,-1,-1,-1,-1,0,-1,-1,0,-1,1,0,0,-1,-1,-1,1,1,1,-1,0,0,-1,-1,1,-1,-1,0,-1,-1,-1,-1,1,1,0,-1,-1,-1,0,-1,-1,1,-1,-1,-1,-1,-1,-1,-1,0,-1,-1,1,-1,-1,0,-1,-1,-1,-1,-1,0,0,1,0,-1,-1,-1,1,-1,-1,0,-1,-1,1,-1,-1,-1,-1,-1,1,-1,-1,-1,0,-1,1,-1,0,0,-1,-1,0,-1,-1,0,0,0,-1,1,1,-1,-1,-1,0,-1,-1,0,-1,-1,-1,1,0,-1,-1,-1,-1,-1,-1,0,-1,-1,-1,-1,-1,0,0,-1,1,-1,0,-1,1,0,-1,-1,0,-1,1,-1,0,0,0,-1,-1,1,0,1,-1,0,0,-1,1,-1,-1,-1,0,-1,1,0,-1,-1,-1,-1,0,-1,1,1,-1,-1,1,-1,-1,-1,-1,0,-1,0,-1,1,-1,1,-1,0,-1,-1,-1"
20-29,中華民國,"Pop 流行樂, Folk / Country 民歌／鄉村歌曲, Classical 古典樂, Hip-hop / Rap 嘻哈樂／饒舌樂, R & B / Soul 節奏藍調／靈魂樂, Rock 搖滾音樂, Jazz/Blues 爵士樂／藍調",Linkin Park/伍佰/GAI,no,"-1,-1,-1,1,0,-1,1,1,1,1,-1,1,-1,-1,1,1,0,-1,1,-1,-1,-1,-1,1,-1,1,-1,0,-1,1,-1,1,1,-1,1,-1,-1,0,1,1,-1,-1,-1,0,1,-1,-1,0,1,-1,1,-1,1,-1,1,1,0,-1,-1,-1,-1,-1,-1,0,1,-1,-1,1,-1,1,-1,1,-1,1,1,-1,1,1,1,1,-1,1,-1,1,-1,-1,1,1,0,-1,1,0,1,0,0,0,1,1,-1,-1,1,0,1,-1,1,1,-1,-1,-1,-1,-1,-1,-1,1,1,1,0,-1,1,-1,1,0,0,-1,-1,0,1,0,-1,1,-1,-1,-1,1,-1,-1,1,0,1,1,1,0,-1,-1,-1,-1,0,1,0,1,1,1,-1,-1,-1,0,1,1,1,1,1,1,1,-1,1,1,0,1,-1,-1,-1,1,-1,0,-1,0,-1,1,-1,0,-1,-1,-1,0,1,1,-1,-1,1,0,-1,-1,-1,-1,1,1,1,1,1,1,1,1,1,1,1,1,0,0,-1,1,1,0,1,-1,-1,-1,0,0,-1,1"
20-29,Taiwan,"Pop 流行樂, Indie Rock 獨立音樂",貝克小姐/Control T/甜約翰,no,"-1,-1,0,-1,-1,-1,-1,1,-1,1,1,0,0,1,0,1,1,-1,1,-1,0,1,0,0,-1,1,0,0,0,1,-1,-1,-1,-1,0,-1,1,0,-1,-1,-1,-1,0,-1,-1,-1,-1,-1,1,-1,1,-1,0,0,0,0,0,1,1,-1,0,-1,-1,1,0,-1,0,1,1,0,-1,1,0,0,-1,1,1,-1,0,1,1,-1,-1,0,1,-1,-1,0,-1,1,-1,-1,-1,0,0,-1,1,-1,1,-1,1,0,0,0,-1,0,-1,1,-1,0,-1,0,-1,1,-1,-1,0,-1,0,-1,-1,1,0,-1,0,0,1,1,0,1,0,-1,1,1,-1,-1,-1,-1,-1,1,-1,0,1,-1,0,-1,-1,1,-1,1,-1,1,1,0,1,-1,0,1,0,-1,-1,1,1,-1,0,0,0,-1,-1,1,1,-1,0,-1,0,-1,-1,-1,1,-1,0,1,0,-1,1,1,-1,1,-1,1,1,-1,1,-1,0,-1,-1,0,0,1,1,1,0,-1,-1,0,-1,-1,0,-1,1,-1,-1,0,-1,0,-1,0,0,1"
20-29,台灣,"Pop 流行樂, R & B / Soul 節奏藍調／靈魂樂, Rock 搖滾音樂, Jazz/Blues 爵士樂／藍調",韋禮安、林志炫、劉歡,no,"-1,-1,-1,1,-1,-1,-1,1,-1,-1,-1,0,-1,-1,-1,1,-1,-1,-1,-1,1,0,-1,-1,-1,-1,1,-1,1,1,1,-1,1,-1,1,1,-1,0,-1,-1,1,-1,1,-1,-1,-1,-1,-1,-1,-1,-1,-1,-1,-1,-1,-1,-1,-1,-1,-1,1,1,-1,-1,1,-1,1,1,-1,-1,-1,-1,-1,-1,-1,1,-1,-1,-1,1,0,1,-1,-1,-1,-1,-1,-1,-1,-1,-1,-1,-1,-1,1,-1,1,-1,1,-1,-1,0,1,-1,-1,0,-1,-1,-1,-1,-1,1,1,-1,-1,-1,-1,1,1,-1,-1,1,-1,0,-1,-1,-1,-1,-1,1,-1,1,-1,1,1,-1,-1,-1,-1,-1,-1,1,-1,0,-1,-1,0,-1,1,-1,-1,-1,-1,1,-1,-1,-1,1,1,-1,-1,1,-1,1,-1,1,1,-1,-1,-1,-1,-1,-1,-1,-1,-1,-1,-1,-1,-1,-1,-1,-1,1,-1,-1,-1,-1,-1,-1,-1,-1,1,0,-1,1,-1,-1,-1,-1,-1,-1,1,1,-1,1,1,1,-1,1,-1,1,-1,-1,1,-1,1,-1,-1,-1"
20-29,台灣,"Classical 古典樂, Indie Rock 獨立音樂, R & B / Soul 節奏藍調／靈魂樂, Rock 搖滾音樂, Jazz/Blues 爵士樂／藍調",趙成珍、落日飛車、鄭興,yes,"-1,-1,0,1,-1,1,0,-1,0,0,-1,0,0,1,-1,1,-1,-1,1,1,1,-1,-1,1,-1,1,-1,1,1,-1,-1,1,0,0,1,0,1,-1,-1,0,-1,1,0,-1,-1,-1,0,1,-1,-1,-1,-1,0,-1,1,-1,-1,-1,0,1,1,-1,-1,0,-1,-1,-1,1,1,1,0,1,0,-1,-1,0,1,-1,1,0,-1,1,0,-1,1,0,1,1,0,0,-1,1,-1,-1,-1,1,-1,-1,0,-1,-1,-1,-1,-1,1,-1,1,0,-1,-1,1,-1,1,0,-1,0,-1,-1,1,0,-1,0,0,-1,0,-1,-1,-1,-1,0,1,0,1,1,-1,-1,0,1,0,1,1,-1,-1,1,1,1,1,-1,1,1,-1,0,1,0,-1,-1,0,-1,1,1,1,0,1,-1,1,1,1,-1,-1,0,-1,1,1,-1,0,0,-1,1,0,1,-1,1,-1,0,0,-1,-1,-1,-1,0,0,-1,-1,1,-1,-1,-1,0,1,-1,-1,0,0,-1,-1,1,1,1,0,1,-1,0,1,1,0,1,0,0,1,0"
20-29,臺灣,"Pop 流行樂, Classical 古典樂, Electronic Dance Music (EDM) 電音","Aimyon, Coldplay, Bach",no,"0,-1,0,-1,0,1,-1,0,-1,0,0,0,-1,0,1,1,0,1,1,1,1,-1,0,-1,-1,1,0,0,0,1,0,0,1,1,1,0,1,0,-1,0,-1,-1,0,0,0,-1,-1,-1,-1,-1,1,-1,-1,-1,-1,-1,-1,-1,1,0,-1,-1,1,0,-1,0,-1,1,-1,-1,1,-1,-1,1,1,-1,-1,-1,-1,-1,-1,-1,-1,0,0,1,1,1,0,-1,0,1,1,-1,0,1,0,-1,1,0,-1,-1,-1,1,0,1,1,-1,-1,0,1,1,-1,1,1,0,1,-1,-1,-1,1,-1,0,1,-1,1,0,-1,-1,0,-1,-1,1,1,-1,-1,-1,1,-1,1,1,-1,-1,0,0,1,1,1,-1,1,1,-1,1,0,-1,0,1,1,1,-1,1,0,0,1,0,1,-1,0,1,0,1,-1,1,1,-1,0,1,1,-1,1,0,-1,-1,0,-1,1,-1,1,-1,1,1,-1,1,0,-1,1,1,-1,-1,-1,0,0,1,0,0,0,-1,-1,-1,-1,-1,1,-1,1,0,-1,-1,0,1,0"
20-29,Vietnam,"Pop 流行樂, Folk / Country 民歌／鄉村歌曲, Classical 古典樂, Hip-hop / Rap 嘻哈樂／饒舌樂, Indie Rock 獨立音樂, Rock 搖滾音樂","Son Tung MTP, Duc Phuc, Dong Nhi",no,"1,1,1,1,-1,-1,1,1,-1,1,-1,1,0,-1,-1,-1,-1,1,-1,0,-1,0,-1,-1,-1,1,-1,-1,-1,-1,-1,-1,-1,-1,0,-1,1,1,-1,1,-1,-1,-1,0,-1,-1,1,-1,-1,-1,-1,1,-1,1,1,-1,0,-1,-1,-1,-1,-1,-1,-1,-1,-1,1,0,1,1,1,0,1,0,-1,-1,-1,-1,-1,1,-1,-1,-1,0,-1,1,-1,1,1,-1,0,-1,-1,1,-1,1,-1,1,-1,1,-1,0,-1,1,-1,1,-1,0,-1,-1,-1,-1,1,-1,-1,-1,0,-1,1,0,1,0,-1,1,-1,1,1,-1,0,-1,1,-1,-1,-1,-1,-1,1,-1,-1,1,-1,1,-1,-1,-1,1,-1,-1,1,1,-1,-1,1,-1,-1,-1,1,1,0,0,0,1,1,-1,0,1,1,-1,0,-1,-1,1,-1,1,-1,1,1,0,-1,-1,1,1,1,-1,-1,-1,1,-1,-1,0,-1,-1,1,-1,-1,1,-1,-1,1,-1,-1,-1,0,-1,1,1,-1,-1,-1,-1,-1,-1,-1,-1,0,-1,0,-1,1,1"
20-29,India,"Pop 流行樂, Folk / Country 民歌／鄉村歌曲, Electronic Dance Music (EDM) 電音, Rock 搖滾音樂, Religious 宗教音樂","Arijit Singh, Alan Walker, David Bowden",no,"-1,-1,-1,-1,-1,-1,1,-1,1,-1,-1,-1,1,-1,-1,-1,-1,-1,-1,-1,-1,-1,-1,-1,-1,-1,-1,-1,-1,-1,-1,-1,0,-1,0,0,-1,-1,1,-1,0,-1,0,-1,-1,-1,-1,-1,-1,-1,-1,-1,-1,-1,-1,-1,-1,-1,1,-1,-1,-1,-1,-1,-1,-1,-1,-1,-1,-1,-1,-1,-1,0,-1,-1,-1,-1,-1,0,1,-1,-1,0,-1,-1,-1,0,-1,-1,-1,-1,-1,1,0,-1,-1,1,-1,-1,-1,-1,1,-1,-1,-1,-1,-1,-1,0,-1,-1,-1,-1,-1,1,-1,1,-1,-1,-1,-1,-1,-1,-1,-1,-1,-1,1,-1,-1,-1,-1,-1,-1,-1,-1,0,-1,-1,-1,-1,-1,-1,-1,-1,-1,-1,1,1,-1,-1,-1,-1,-1,-1,-1,-1,-1,1,-1,-1,-1,-1,0,1,-1,-1,0,-1,-1,-1,-1,-1,-1,-1,-1,-1,-1,-1,-1,-1,-1,-1,-1,-1,-1,-1,-1,-1,1,-1,-1,-1,-1,-1,-1,-1,-1,-1,-1,1,0,-1,-1,0,-1,-1,-1,-1,-1,-1,-1,-1,-1,1,-1,-1,1,-1"
20-29,Taiwan,"Pop 流行樂, Hip-hop / Rap 嘻哈樂／饒舌樂, R & B / Soul 節奏藍調／靈魂樂",Ozi、Julia Wu、Trout fresh,no,"-1,0,0,-1,0,-1,-1,0,-1,0,-1,-1,-1,1,0,-1,1,1,0,-1,-1,-1,-1,-1,1,-1,-1,-1,-1,-1,0,1,-1,1,-1,-1,-1,1,-1,0,-1,0,-1,0,0,-1,-1,0,-1,-1,0,0,0,0,1,1,1,1,-1,1,-1,-1,0,0,-1,1,1,-1,-1,1,-1,0,0,-1,-1,-1,-1,0,0,1,1,1,-1,0,0,-1,0,0,0,1,-1,0,1,0,1,0,0,1,-1,0,-1,0,0,0,1,0,-1,1,-1,-1,0,0,-1,1,-1,1,-1,-1,0,-1,-1,-1,0,-1,-1,-1,-1,-1,1,-1,-1,-1,1,1,1,1,1,-1,1,-1,1,0,1,0,0,1,0,1,-1,-1,0,-1,-1,-1,-1,1,-1,1,0,-1,0,-1,1,0,1,-1,0,0,1,-1,-1,-1,-1,0,-1,-1,1,1,1,-1,-1,-1,0,-1,0,1,-1,0,1,1,-1,-1,0,0,1,1,-1,1,-1,1,-1,-1,1,1,-1,1,0,-1,-1,-1,-1,1,-1,-1,-1,-1,0,0,0,-1"
20-29,"Taiwan, R.O.C","Pop 流行樂, Folk / Country 民歌／鄉村歌曲, Electronic Dance Music (EDM) 電音, Indie Rock 獨立音樂","Aimer, Yoasobi, Eve",no,"1,-1,-1,1,-1,0,-1,1,-1,-1,-1,-1,1,1,-1,1,-1,1,-1,1,1,1,-1,0,1,1,1,1,1,-1,1,1,-1,-1,-1,0,1,-1,-1,-1,-1,-1,-1,0,-1,-1,1,1,-1,-1,1,-1,0,1,1,1,0,1,1,1,-1,1,1,-1,1,-1,-1,0,-1,1,1,1,-1,1,-1,-1,-1,1,1,0,1,-1,1,-1,1,1,-1,-1,1,1,-1,-1,1,0,-1,1,-1,1,1,1,1,-1,1,-1,1,-1,1,-1,-1,1,1,-1,1,1,-1,-1,-1,1,1,-1,-1,1,-1,1,0,1,-1,1,1,0,0,1,1,-1,-1,-1,1,1,1,-1,1,1,1,1,-1,1,1,1,-1,-1,-1,1,1,-1,-1,-1,1,1,-1,1,-1,1,1,1,-1,-1,1,0,-1,1,1,1,0,1,-1,1,1,-1,1,1,0,-1,-1,-1,1,-1,1,1,1,1,-1,-1,0,1,-1,1,-1,1,1,1,-1,-1,1,-1,0,-1,0,-1,-1,-1,-1,-1,1,-1,1,1,0,-1,1,1"
20-29,印尼,"Pop 流行樂, Electronic Dance Music (EDM) 電音","DECO*27, Ayase, Avicii",no,"0,-1,-1,-1,0,0,-1,1,0,0,-1,-1,1,1,-1,1,1,1,-1,1,0,-1,1,0,1,-1,0,0,1,1,0,0,-1,-1,1,-1,-1,-1,-1,0,1,1,1,-1,-1,1,1,1,-1,-1,-1,-1,-1,1,-1,-1,-1,0,-1,1,-1,-1,-1,0,1,-1,-1,0,-1,1,0,1,-1,1,1,-1,0,0,1,-1,-1,-1,0,-1,-1,-1,0,0,1,1,-1,0,-1,-1,-1,1,0,1,0,1,-1,-1,-1,-1,-1,1,-1,-1,-1,0,-1,1,1,1,1,-1,1,0,1,-1,-1,0,0,1,-1,-1,0,-1,0,1,0,-1,-1,1,-1,0,0,0,1,-1,1,1,-1,0,-1,1,-1,0,1,1,-1,-1,0,-1,1,-1,-1,-1,0,1,0,1,-1,1,1,1,1,1,1,-1,1,1,1,0,-1,1,-1,1,1,-1,1,1,-1,-1,1,1,1,-1,-1,0,1,-1,-1,1,-1,-1,-1,0,1,-1,1,1,0,-1,1,0,-1,0,0,-1,0,1,-1,1,-1,0,-1,-1,1,1"
20-29,台灣,"Pop 流行樂, Hip-hop / Rap 嘻哈樂／饒舌樂",宇宙人 康士坦丁變化球 dax,no,"-1,-1,-1,-1,1,-1,-1,-1,-1,-1,-1,-1,-1,-1,-1,-1,-1,1,-1,1,-1,-1,-1,-1,-1,-1,-1,-1,-1,-1,0,-1,-1,1,-1,-1,1,1,-1,-1,-1,-1,1,-1,-1,-1,1,-1,-1,-1,0,-1,0,1,-1,-1,0,-1,-1,-1,1,1,-1,-1,-1,-1,1,-1,-1,-1,-1,-1,-1,-1,0,-1,-1,-1,0,-1,-1,-1,-1,1,-1,-1,-1,-1,-1,-1,0,-1,-1,0,-1,-1,-1,-1,-1,-1,1,0,-1,-1,1,-1,-1,-1,-1,0,-1,-1,-1,1,-1,-1,-1,-1,1,0,-1,-1,-1,-1,-1,-1,-1,-1,-1,0,-1,-1,-1,-1,-1,1,-1,-1,-1,-1,-1,-1,-1,-1,-1,-1,-1,1,-1,-1,-1,-1,-1,-1,1,-1,1,-1,-1,1,-1,-1,-1,1,0,-1,-1,-1,0,-1,-1,0,-1,-1,0,-1,-1,-1,0,1,-1,-1,1,-1,-1,-1,-1,0,-1,-1,0,-1,0,1,1,-1,-1,-1,-1,-1,1,-1,1,-1,-1,-1,-1,-1,-1,0,1,-1,-1,-1,1,-1,0,-1,-1,-1"
20-29,Vietnam,"Pop 流行樂, Electronic Dance Music (EDM) 電音, Hip-hop / Rap 嘻哈樂／饒舌樂, R & B / Soul 節奏藍調／靈魂樂","Ariana Grande, Taylor Swift, Son Tung MTP",no,"-1,1,1,-1,0,1,-1,-1,-1,-1,0,-1,1,-1,-1,-1,1,1,-1,-1,0,-1,0,-1,1,0,-1,0,-1,-1,-1,-1,-1,-1,1,-1,-1,-1,1,-1,-1,1,0,0,-1,-1,-1,-1,-1,-1,-1,1,-1,-1,1,1,0,1,-1,1,0,1,-1,1,1,-1,-1,-1,-1,-1,1,1,0,1,-1,-1,-1,-1,-1,-1,1,-1,-1,0,-1,-1,-1,1,-1,0,0,0,-1,1,0,-1,-1,-1,-1,0,1,0,1,-1,-1,-1,0,0,1,1,0,-1,-1,1,1,-1,-1,0,-1,0,1,-1,0,1,0,-1,-1,-1,-1,-1,1,0,-1,0,-1,-1,-1,1,-1,0,1,-1,-1,1,-1,1,1,-1,-1,-1,1,-1,-1,1,1,-1,-1,-1,1,-1,1,-1,-1,1,0,-1,1,-1,0,1,-1,0,0,1,-1,-1,-1,0,-1,1,1,1,-1,0,-1,-1,-1,0,1,1,-1,0,1,1,0,-1,-1,1,-1,-1,1,0,0,0,-1,-1,1,1,-1,1,0,-1,-1,-1,-1,0,-1,1,1,1"
20-29,Taiwan,"Pop 流行樂, Indie Rock 獨立音樂",yoasobi milet aimer,no,"-1,0,0,0,1,0,1,1,-1,-1,1,-1,0,-1,0,1,0,1,1,-1,1,1,0,1,-1,1,-1,0,-1,-1,1,1,-1,-1,1,0,-1,1,0,1,1,-1,1,1,-1,1,1,0,-1,1,-1,1,-1,0,-1,1,0,0,1,1,1,-1,0,0,1,1,1,1,-1,1,-1,1,-1,1,1,0,1,1,-1,0,-1,-1,-1,-1,1,0,1,0,0,0,-1,-1,-1,1,-1,1,0,-1,0,-1,-1,-1,-1,0,1,1,-1,-1,1,-1,0,1,-1,-1,-1,0,1,1,1,0,0,0,-1,1,-1,-1,1,-1,-1,0,-1,1,1,1,-1,-1,1,-1,-1,-1,1,1,1,1,-1,1,-1,1,1,1,0,-1,-1,-1,-1,1,-1,1,-1,1,-1,-1,1,0,1,1,0,-1,1,1,-1,-1,-1,0,-1,1,1,1,-1,1,-1,-1,-1,-1,-1,-1,-1,0,1,-1,-1,-1,1,-1,1,1,1,0,1,1,0,1,1,1,1,1,-1,0,1,0,-1,-1,1,-1,1,-1,1,1,-1,-1"
20-29,Taiwan,"Classical 古典樂, Electronic Dance Music (EDM) 電音, R & B / Soul 節奏藍調／靈魂樂, Jazz/Blues 爵士樂／藍調","Rebecca Sugar, Andrew Lloyd Webber, Charlie Puth",no,"-1,1,0,-1,1,-1,1,1,1,1,-1,1,1,1,1,1,0,1,1,1,1,1,-1,1,0,1,1,-1,1,-1,1,1,1,1,-1,0,-1,-1,1,0,1,-1,1,-1,-1,-1,-1,-1,-1,-1,-1,-1,0,-1,1,-1,0,1,1,-1,0,0,-1,-1,1,-1,-1,1,-1,-1,0,1,-1,1,1,1,1,1,-1,-1,1,-1,0,1,1,0,0,1,-1,-1,-1,0,-1,1,-1,1,1,-1,1,1,-1,1,1,-1,-1,-1,-1,1,-1,-1,0,1,1,1,-1,-1,1,-1,-1,0,-1,-1,1,-1,-1,-1,-1,1,-1,1,-1,0,1,1,1,-1,1,0,-1,1,-1,-1,1,1,1,1,0,-1,-1,1,-1,-1,0,-1,0,-1,-1,-1,-1,-1,1,1,1,0,1,-1,1,1,1,1,1,1,1,0,1,0,-1,-1,-1,0,1,1,0,-1,-1,-1,-1,-1,1,-1,-1,-1,-1,-1,-1,-1,1,1,-1,-1,-1,1,1,-1,1,1,-1,-1,0,-1,0,-1,-1,-1,-1,-1,1,1,1,1"
20-29,台灣,"Pop 流行樂, Folk / Country 民歌／鄉村歌曲, Classical 古典樂, Hip-hop / Rap 嘻哈樂／饒舌樂",莫札特 貝多芬 旺福,no,"-1,1,1,1,-1,-1,-1,1,-1,1,-1,0,-1,1,1,1,1,1,1,1,1,-1,1,-1,-1,1,1,-1,1,-1,-1,-1,-1,1,1,-1,-1,1,1,-1,-1,1,1,-1,1,-1,-1,1,-1,1,1,1,1,-1,-1,-1,0,1,-1,1,-1,1,1,-1,-1,1,-1,1,1,1,-1,1,0,1,-1,1,-1,-1,1,-1,-1,-1,0,1,1,-1,-1,-1,-1,-1,-1,-1,1,-1,1,-1,1,0,1,-1,1,-1,-1,1,0,-1,1,1,-1,1,1,1,1,0,-1,-1,-1,1,-1,0,1,1,0,1,-1,-1,-1,1,1,0,1,-1,-1,1,1,-1,1,-1,-1,-1,-1,-1,1,1,1,-1,-1,-1,1,1,-1,-1,-1,1,-1,-1,-1,-1,-1,1,1,-1,-1,1,1,1,1,0,-1,1,-1,-1,1,1,-1,1,-1,1,1,1,1,1,-1,1,-1,-1,-1,-1,-1,1,1,-1,-1,1,-1,1,-1,-1,1,1,-1,1,1,-1,1,-1,-1,-1,-1,1,-1,-1,1,-1,-1,-1,0,1,1,-1"
20-29,中華民國,"Pop 流行樂, Folk / Country 民歌／鄉村歌曲, Classical 古典樂, Electronic Dance Music (EDM) 電音, Hip-hop / Rap 嘻哈樂／饒舌樂, R & B / Soul 節奏藍調／靈魂樂","troye sivan, taylor swift, keshi",no,"-1,-1,1,-1,0,-1,-1,-1,-1,-1,-1,-1,-1,-1,-1,1,0,1,1,-1,0,-1,1,1,-1,1,0,-1,1,1,-1,-1,-1,-1,1,-1,-1,0,-1,1,0,-1,-1,1,1,-1,-1,-1,1,1,1,1,-1,1,-1,1,-1,-1,0,1,1,-1,0,-1,1,1,1,1,1,-1,1,-1,-1,-1,-1,-1,-1,1,-1,1,1,1,0,1,0,1,-1,0,1,-1,1,1,-1,0,1,1,0,-1,-1,1,-1,1,1,1,1,-1,1,1,-1,1,1,1,-1,0,-1,1,1,1,-1,0,-1,0,0,-1,-1,0,-1,-1,-1,1,-1,-1,1,1,-1,-1,1,-1,-1,-1,-1,0,1,1,-1,-1,0,-1,-1,1,-1,-1,-1,-1,1,-1,1,1,-1,-1,-1,-1,1,1,1,0,1,-1,1,-1,1,-1,1,-1,-1,-1,1,1,1,0,-1,-1,0,0,-1,1,1,1,1,1,-1,-1,1,-1,-1,-1,1,-1,1,1,-1,1,0,1,-1,1,-1,1,0,-1,1,-1,-1,1,1,1,-1,1,-1,1"
20-29,台灣,"Pop 流行樂, Classical 古典樂, Hip-hop / Rap 嘻哈樂／饒舌樂","周興哲，PGOne, 鄧紫棋",no,"1,-1,0,1,-1,-1,-1,0,-1,0,0,0,-1,-1,-1,0,1,1,0,0,0,1,-1,1,0,-1,1,-1,0,1,-1,-1,0,-1,0,0,1,1,0,1,-1,0,1,1,0,-1,-1,-1,-1,-1,-1,1,1,-1,1,-1,-1,-1,0,-1,1,0,-1,0,1,-1,1,-1,1,1,1,-1,0,0,-1,1,-1,1,-1,1,0,-1,0,0,1,1,-1,0,0,-1,0,-1,-1,1,-1,-1,0,0,0,-1,1,-1,1,1,0,-1,-1,-1,-1,0,0,0,-1,0,-1,-1,0,1,1,0,1,-1,-1,0,0,-1,-1,-1,1,1,-1,-1,-1,-1,-1,-1,1,1,0,-1,-1,0,-1,-1,0,1,1,-1,1,-1,1,-1,0,1,-1,-1,-1,1,1,-1,-1,0,1,-1,-1,-1,-1,0,1,0,1,0,-1,1,1,-1,-1,0,-1,-1,-1,-1,-1,1,-1,-1,-1,-1,1,-1,1,1,0,1,-1,0,-1,-1,0,1,-1,-1,-1,-1,1,0,0,-1,0,0,1,-1,0,1,1,0,0,0,0,-1"
20-29,台灣,Hip-hop / Rap 嘻哈樂／饒舌樂,盧廣仲 理想混蛋 南西肯恩,no,"-1,-1,1,1,-1,1,-1,-1,-1,-1,0,-1,-1,1,1,0,-1,-1,-1,1,-1,0,1,-1,1,-1,1,1,-1,1,1,1,0,-1,-1,1,1,-1,1,-1,1,0,0,-1,-1,-1,-1,-1,-1,-1,1,-1,0,0,-1,1,-1,-1,1,-1,-1,-1,1,-1,1,-1,-1,1,1,1,1,1,1,1,1,1,0,1,-1,-1,-1,-1,0,1,-1,0,1,-1,-1,-1,0,-1,1,-1,-1,0,-1,-1,0,-1,-1,-1,1,-1,0,-1,0,-1,-1,1,-1,-1,1,1,1,-1,0,-1,1,-1,-1,-1,1,1,-1,-1,-1,0,1,0,1,1,-1,1,-1,-1,-1,-1,1,1,-1,-1,1,1,-1,1,1,-1,-1,-1,1,1,1,-1,1,-1,-1,-1,-1,1,1,0,0,1,1,-1,-1,-1,1,0,1,0,-1,1,-1,-1,1,-1,-1,-1,-1,-1,1,1,0,0,-1,-1,-1,1,-1,-1,0,1,-1,1,1,-1,-1,-1,1,1,1,-1,1,1,-1,0,-1,0,-1,-1,-1,1,1,-1,-1,-1,1,1"
20-29,Taiwan,"Pop 流行樂, Hip-hop / Rap 嘻哈樂／饒舌樂","Bruno Mars, Boyce Avenue, GEM",no,"-1,0,-1,1,-1,1,0,1,0,0,1,1,0,-1,1,-1,-1,-1,1,-1,-1,1,-1,0,0,0,0,-1,1,1,-1,0,0,0,0,0,-1,0,0,1,0,1,-1,-1,0,-1,1,0,-1,-1,-1,1,-1,1,-1,1,-1,1,-1,-1,-1,-1,0,0,-1,-1,1,0,-1,1,0,0,1,0,-1,1,1,-1,0,1,0,1,-1,-1,1,-1,1,0,-1,1,-1,1,-1,0,0,0,1,1,0,-1,1,0,0,0,-1,1,-1,1,-1,-1,-1,1,1,0,1,-1,1,1,-1,-1,1,-1,0,0,0,0,-1,0,0,-1,0,0,1,-1,1,0,-1,-1,-1,0,-1,0,1,-1,-1,-1,1,1,1,-1,0,-1,-1,-1,-1,0,1,-1,-1,0,0,0,-1,0,0,0,0,1,1,0,-1,0,1,0,-1,-1,1,-1,1,0,1,-1,-1,1,-1,-1,1,-1,1,0,1,-1,-1,-1,1,1,-1,0,-1,1,-1,-1,0,1,-1,1,0,0,1,0,-1,1,0,-1,1,-1,0,-1,1,0"
20-29,台灣,"Pop 流行樂, R & B / Soul 節奏藍調／靈魂樂",蔡健雅、鄭興、AJ mitchell,no,"-1,-1,-1,1,-1,1,1,1,0,-1,1,1,1,-1,-1,-1,-1,1,1,1,-1,-1,1,-1,1,-1,-1,-1,1,-1,-1,-1,-1,1,1,1,-1,1,-1,-1,1,-1,-1,-1,1,-1,1,-1,-1,1,1,1,1,-1,1,-1,1,1,0,1,-1,-1,-1,1,-1,-1,-1,-1,-1,-1,1,0,1,-1,-1,1,-1,1,-1,1,1,1,1,-1,1,-1,-1,1,-1,-1,-1,-1,-1,1,-1,-1,1,1,1,0,-1,1,-1,-1,1,-1,-1,1,-1,1,-1,-1,-1,1,-1,1,-1,1,-1,-1,-1,1,-1,1,1,-1,-1,1,1,-1,-1,-1,-1,1,-1,-1,-1,-1,-1,-1,-1,1,-1,1,-1,-1,-1,-1,1,-1,1,-1,-1,-1,-1,-1,1,1,1,1,1,1,1,1,-1,-1,1,-1,-1,1,-1,1,1,-1,-1,1,-1,1,1,-1,-1,-1,-1,-1,-1,-1,1,1,-1,0,1,-1,1,-1,-1,-1,-1,1,1,-1,-1,1,1,-1,-1,1,-1,1,1,-1,-1,1,1,-1,-1,1,-1,-1,1,1"
20-29,Indonesia,"Pop 流行樂, Classical 古典樂, Electronic Dance Music (EDM) 電音, Hip-hop / Rap 嘻哈樂／饒舌樂, Religious 宗教音樂","Maroon 5, Ariana Grande, Bruno Mars",no,"-1,1,-1,1,-1,1,-1,-1,0,1,1,1,1,-1,-1,-1,1,-1,1,-1,0,-1,0,1,-1,-1,-1,-1,-1,1,1,-1,-1,1,1,-1,1,-1,-1,-1,-1,1,1,0,0,-1,-1,-1,-1,1,-1,-1,0,0,-1,-1,0,-1,1,-1,0,1,-1,0,1,1,1,-1,-1,-1,-1,1,-1,-1,-1,1,1,-1,1,-1,-1,-1,0,-1,1,-1,0,-1,0,1,1,1,1,-1,0,0,0,0,-1,-1,-1,1,-1,-1,-1,0,-1,-1,1,0,1,1,1,-1,-1,-1,-1,-1,1,0,1,1,0,0,1,0,-1,-1,-1,1,-1,1,1,1,1,1,0,-1,1,-1,-1,1,-1,-1,1,-1,-1,-1,-1,0,-1,-1,1,-1,-1,1,-1,1,1,1,-1,1,0,-1,1,-1,-1,0,-1,-1,-1,-1,-1,-1,1,-1,-1,1,-1,-1,-1,1,-1,1,0,-1,-1,-1,1,1,-1,1,0,-1,-1,-1,-1,-1,1,-1,1,-1,-1,-1,-1,-1,0,-1,1,1,1,-1,0,-1,-1,-1,-1,1,-1,-1"
20-29,中華民國,"Pop 流行樂, Classical 古典樂",周深、華晨宇、拉赫曼尼諾夫,no,"1,-1,-1,-1,-1,-1,-1,-1,-1,1,0,-1,-1,-1,1,1,-1,-1,1,1,-1,1,-1,-1,-1,-1,0,-1,1,-1,-1,1,-1,-1,0,1,1,1,-1,1,-1,1,-1,-1,0,-1,-1,1,-1,-1,1,-1,-1,1,-1,1,0,-1,1,-1,-1,-1,-1,1,-1,-1,-1,-1,1,-1,-1,-1,-1,1,1,-1,-1,1,1,1,1,1,0,1,-1,1,-1,-1,-1,1,1,-1,-1,0,1,0,-1,-1,-1,-1,-1,-1,-1,1,-1,-1,-1,-1,1,-1,-1,-1,0,-1,-1,1,0,-1,-1,0,-1,-1,-1,-1,-1,1,1,1,1,-1,-1,-1,-1,1,0,-1,1,-1,1,-1,-1,-1,-1,-1,1,1,-1,1,1,1,1,1,0,1,-1,-1,-1,1,1,1,-1,1,1,-1,-1,1,-1,1,-1,-1,-1,-1,-1,-1,-1,-1,-1,-1,-1,-1,1,-1,0,-1,-1,-1,0,-1,1,1,-1,0,-1,0,-1,1,1,0,-1,-1,1,-1,0,-1,-1,-1,-1,1,-1,-1,0,-1,0,-1,-1,-1,-1,0,-1,-1"
20-29,臺灣,"Pop 流行樂, Hip-hop / Rap 嘻哈樂／饒舌樂",魚丁糸 蔡健雅 王以太,no,"-1,-1,-1,-1,-1,-1,0,-1,0,-1,-1,0,1,-1,-1,-1,0,1,-1,1,0,-1,-1,-1,-1,0,0,-1,1,-1,0,-1,-1,0,0,-1,0,-1,1,0,-1,-1,0,-1,0,1,1,1,-1,1,0,-1,0,-1,-1,-1,0,-1,1,1,1,0,-1,1,-1,1,0,0,1,0,0,1,0,-1,1,0,0,-1,-1,-1,-1,-1,-1,0,-1,0,1,0,-1,-1,-1,1,1,-1,1,-1,0,1,-1,0,-1,0,1,0,-1,1,-1,-1,-1,0,0,-1,1,0,1,0,-1,-1,0,-1,-1,0,0,0,-1,1,-1,-1,-1,-1,-1,-1,1,1,-1,-1,1,-1,-1,1,-1,-1,0,-1,-1,1,0,1,-1,1,1,1,0,1,0,1,0,-1,-1,0,0,0,-1,0,-1,-1,-1,-1,-1,-1,1,-1,0,-1,-1,0,-1,0,1,1,1,1,1,-1,0,1,1,-1,1,1,-1,-1,0,0,1,0,1,0,0,0,1,1,0,1,1,0,0,-1,0,-1,-1,0,0,1,1,0,0,0,1,-1"
20-29,台灣,"Pop 流行樂, Hip-hop / Rap 嘻哈樂／饒舌樂, Indie Rock 獨立音樂",IU、茄子蛋 、韋禮安,no,"-1,1,-1,1,1,1,1,-1,1,-1,1,-1,-1,-1,-1,1,0,1,1,1,-1,0,-1,1,1,0,0,-1,1,-1,1,0,-1,-1,-1,0,-1,1,1,-1,1,1,-1,1,-1,-1,-1,-1,-1,-1,1,-1,1,-1,-1,0,0,1,1,-1,1,-1,-1,1,1,-1,1,1,1,1,0,-1,1,0,0,1,-1,1,1,1,-1,-1,0,-1,-1,-1,-1,-1,-1,-1,-1,1,-1,1,-1,1,-1,0,0,-1,-1,0,0,0,-1,-1,-1,0,-1,0,-1,-1,1,-1,-1,1,-1,-1,1,0,1,-1,0,1,0,1,1,0,1,1,1,-1,-1,1,1,-1,0,-1,1,-1,-1,-1,-1,-1,1,-1,1,-1,1,-1,0,1,-1,-1,-1,0,-1,1,0,1,-1,1,-1,0,1,-1,-1,1,-1,0,-1,-1,1,-1,1,-1,-1,-1,1,-1,0,1,-1,0,1,-1,-1,1,-1,0,1,1,0,1,-1,-1,-1,1,1,-1,-1,1,0,1,1,-1,1,-1,0,-1,1,0,-1,1,1,1,1,1,1,1"
20-29,台灣,"Pop 流行樂, Folk / Country 民歌／鄉村歌曲, Hip-hop / Rap 嘻哈樂／饒舌樂, R & B / Soul 節奏藍調／靈魂樂",julia吳卓源、ozi、Lauv,no,"-1,0,0,1,-1,-1,1,1,-1,1,1,0,-1,1,-1,-1,-1,0,1,-1,0,-1,1,1,1,1,-1,0,-1,-1,0,-1,-1,-1,1,-1,-1,0,-1,1,0,-1,1,1,-1,-1,-1,1,1,-1,-1,-1,-1,-1,1,1,1,-1,1,-1,0,-1,-1,1,0,1,-1,0,1,1,0,-1,-1,1,1,1,1,1,0,0,1,1,1,1,1,-1,1,-1,-1,1,-1,-1,1,0,-1,-1,0,1,-1,0,-1,-1,0,-1,-1,-1,-1,1,-1,0,1,-1,1,-1,1,-1,0,-1,1,0,1,0,-1,-1,0,0,-1,-1,1,-1,-1,0,-1,1,-1,-1,0,-1,1,-1,1,0,1,1,-1,1,1,1,-1,1,1,-1,-1,-1,1,1,-1,0,-1,0,1,-1,1,-1,0,0,-1,1,-1,0,-1,1,1,-1,1,-1,-1,-1,1,0,-1,1,-1,1,1,1,-1,0,-1,-1,1,-1,1,-1,1,-1,-1,0,1,1,-1,-1,0,1,-1,1,-1,0,-1,-1,-1,0,1,-1,1,1,-1,0,1,1"
20-29,Taiwan,"Pop 流行樂, Hip-hop / Rap 嘻哈樂／饒舌樂","瘦子Eso, TXT, Aespa",no,"-1,1,-1,1,0,1,-1,-1,-1,-1,1,-1,-1,-1,-1,1,-1,-1,-1,-1,0,-1,1,-1,-1,1,-1,-1,-1,-1,0,-1,-1,1,0,0,1,-1,1,1,-1,1,-1,1,-1,-1,-1,-1,-1,1,1,1,-1,-1,0,-1,0,-1,-1,1,1,1,-1,1,1,-1,-1,-1,-1,-1,-1,0,-1,0,1,1,-1,-1,-1,1,1,-1,-1,-1,1,-1,1,0,0,1,1,0,-1,0,0,1,-1,1,1,-1,1,-1,0,0,1,0,-1,1,1,-1,0,1,-1,-1,-1,1,-1,1,-1,1,1,1,-1,-1,-1,1,1,-1,1,0,-1,-1,-1,-1,1,-1,0,-1,1,-1,-1,-1,0,-1,-1,-1,-1,1,-1,1,-1,1,-1,-1,-1,-1,1,1,0,1,1,-1,-1,1,1,-1,-1,1,1,0,-1,0,-1,0,-1,0,-1,0,-1,-1,-1,-1,0,0,-1,1,-1,0,1,0,-1,1,0,1,1,-1,1,1,1,-1,-1,-1,0,-1,-1,-1,-1,1,0,0,0,0,1,-1,1,0,-1,-1,-1,1"
20-29,Taiwan,Pop 流行樂,Lisa/Aimer/佐佐木惠梨,no,"0,-1,0,1,1,-1,0,-1,1,1,-1,1,-1,-1,-1,1,-1,1,1,-1,0,1,-1,1,0,-1,0,1,0,-1,-1,1,1,-1,-1,0,1,-1,-1,-1,1,-1,0,0,-1,-1,1,-1,-1,-1,-1,-1,-1,-1,-1,1,-1,-1,-1,1,1,-1,1,0,-1,-1,1,-1,-1,1,-1,1,-1,-1,-1,-1,1,1,0,0,1,-1,1,0,-1,-1,1,-1,0,0,-1,-1,-1,0,0,1,1,1,1,-1,1,0,0,0,1,-1,-1,-1,-1,0,1,0,0,1,-1,0,1,1,1,0,1,-1,1,1,0,-1,1,0,0,-1,1,0,1,1,0,-1,0,-1,-1,1,0,-1,-1,-1,1,1,-1,1,-1,-1,0,1,0,0,-1,0,-1,-1,-1,-1,0,-1,-1,-1,-1,0,1,-1,-1,1,-1,1,1,0,1,-1,-1,-1,-1,1,-1,0,0,-1,-1,1,1,1,-1,-1,0,-1,-1,1,1,-1,1,1,1,1,1,0,-1,-1,-1,-1,-1,1,0,1,-1,-1,0,-1,-1,-1,-1,-1,0,1"
20-29,中華民國,"Pop 流行樂, Classical 古典樂, Indie Rock 獨立音樂",五月天 八三夭 徐嘉瑩,no,"-1,-1,1,1,-1,-1,1,-1,-1,-1,-1,0,-1,1,1,-1,-1,1,1,0,-1,0,-1,1,-1,-1,0,1,1,-1,-1,-1,-1,-1,-1,-1,-1,1,-1,-1,1,-1,-1,-1,1,-1,1,-1,-1,-1,-1,1,-1,-1,0,1,-1,1,-1,1,-1,-1,-1,1,1,-1,0,1,-1,1,1,-1,1,1,-1,-1,-1,1,-1,-1,1,-1,-1,0,1,-1,-1,0,-1,1,1,1,1,1,-1,-1,1,-1,-1,-1,1,-1,-1,-1,-1,0,-1,-1,-1,0,1,-1,0,1,-1,-1,0,1,-1,0,-1,1,0,-1,0,-1,-1,-1,0,1,1,-1,1,-1,-1,-1,0,-1,1,-1,1,1,0,0,1,-1,-1,-1,-1,1,-1,1,1,-1,0,1,0,-1,-1,1,1,-1,1,1,1,0,-1,-1,0,-1,1,-1,-1,-1,1,1,-1,-1,-1,0,1,-1,1,0,1,1,1,-1,-1,-1,1,-1,1,1,-1,0,1,-1,-1,-1,-1,-1,0,-1,-1,-1,-1,-1,0,1,-1,-1,1,-1,-1,-1,-1,1,-1,-1"
20-29,台灣,"Pop 流行樂, Electronic Dance Music (EDM) 電音, Hip-hop / Rap 嘻哈樂／饒舌樂",林宥嘉  告五人  蘇打綠,no,"-1,0,-1,1,-1,-1,-1,-1,-1,1,0,1,1,1,-1,-1,-1,1,-1,1,1,0,-1,1,1,1,-1,-1,-1,-1,1,1,1,-1,1,1,-1,0,1,0,1,1,-1,-1,-1,1,-1,-1,0,-1,-1,-1,-1,-1,1,1,-1,1,-1,-1,1,1,-1,0,1,-1,1,1,-1,1,1,1,1,1,1,1,-1,-1,-1,-1,1,1,1,0,0,-1,-1,1,-1,-1,0,1,-1,0,-1,-1,-1,1,1,1,-1,0,-1,-1,0,-1,-1,0,-1,-1,-1,-1,-1,-1,1,-1,-1,1,-1,1,1,1,1,0,-1,-1,-1,1,-1,-1,1,-1,-1,1,-1,-1,1,-1,-1,-1,-1,-1,1,-1,1,1,1,1,1,1,-1,-1,1,-1,1,1,-1,-1,1,-1,1,-1,-1,-1,-1,-1,-1,0,0,-1,1,0,-1,-1,-1,-1,1,1,-1,-1,1,-1,1,0,1,-1,-1,-1,1,0,-1,-1,-1,1,1,1,-1,-1,1,-1,1,-1,0,-1,1,-1,1,1,-1,0,-1,1,-1,-1,1,-1,-1,-1,-1,1"
20-29,台灣,"Pop 流行樂, Indie Rock 獨立音樂, Jazz/Blues 爵士樂／藍調",四分衛 宋冬野 黃明志 ,no,"-1,-1,-1,1,1,-1,-1,0,-1,-1,1,-1,-1,1,-1,-1,-1,1,1,-1,-1,1,1,1,-1,1,-1,-1,-1,1,-1,-1,1,-1,1,1,1,-1,1,-1,-1,-1,1,1,1,-1,-1,1,1,1,0,-1,-1,1,1,1,-1,-1,-1,-1,0,-1,1,1,1,-1,-1,-1,-1,-1,-1,0,-1,1,1,-1,-1,-1,-1,1,-1,-1,-1,1,1,-1,-1,-1,1,-1,-1,-1,-1,0,0,-1,1,1,-1,-1,1,-1,-1,-1,1,1,-1,-1,-1,0,-1,1,1,1,-1,1,-1,1,1,0,1,0,-1,1,-1,-1,-1,-1,1,-1,-1,-1,1,1,-1,-1,0,-1,1,-1,-1,-1,-1,-1,-1,-1,-1,-1,1,1,-1,-1,-1,-1,-1,-1,-1,-1,-1,-1,0,1,-1,-1,-1,-1,1,0,-1,-1,1,-1,1,0,-1,1,1,1,1,0,-1,-1,1,-1,1,1,-1,-1,1,1,1,-1,-1,1,-1,1,0,-1,-1,-1,-1,-1,-1,-1,-1,1,0,1,0,1,-1,1,-1,-1,1,1,-1,0,-1,1"
20-29,Kazakhstan,"Pop 流行樂, Folk / Country 民歌／鄉村歌曲, Classical 古典樂, Electronic Dance Music (EDM) 電音, Hip-hop / Rap 嘻哈樂／饒舌樂, Indie Rock 獨立音樂, R & B / Soul 節奏藍調／靈魂樂, Rock 搖滾音樂","Eminem, Rag'n'Bone Man, Big Heath",no,"1,-1,1,1,0,1,-1,-1,-1,-1,1,1,1,0,-1,-1,1,1,1,-1,-1,-1,-1,0,-1,-1,-1,-1,-1,-1,1,0,-1,1,-1,0,1,0,-1,-1,-1,1,-1,-1,-1,-1,1,0,-1,-1,-1,-1,-1,-1,-1,-1,0,-1,0,-1,1,-1,-1,1,1,-1,-1,0,-1,-1,1,1,-1,-1,-1,-1,-1,1,1,0,-1,-1,0,1,1,1,-1,0,0,-1,1,1,-1,1,0,-1,0,1,-1,-1,1,0,0,0,1,-1,-1,-1,-1,-1,-1,-1,-1,-1,-1,-1,-1,-1,0,0,-1,0,1,0,1,-1,1,1,1,-1,0,1,1,-1,-1,0,-1,-1,1,-1,1,-1,1,-1,-1,-1,1,0,1,1,-1,-1,0,-1,-1,-1,1,1,-1,1,1,-1,-1,-1,-1,1,-1,-1,-1,-1,-1,-1,1,-1,-1,-1,-1,-1,1,-1,0,1,-1,0,-1,1,-1,0,-1,-1,-1,-1,0,1,-1,1,-1,1,-1,-1,1,1,1,1,-1,-1,0,-1,0,-1,-1,1,-1,-1,1,0,-1,1,-1,0"
30-39,中華民國,"Pop 流行樂, Classical 古典樂",BTS/NSO/Maxim Vengerov,yes,"-1,-1,0,1,0,-1,-1,1,0,-1,-1,0,1,-1,-1,1,-1,1,-1,0,1,-1,0,-1,-1,0,-1,-1,1,-1,0,-1,-1,1,0,-1,1,-1,-1,-1,1,1,-1,-1,1,-1,-1,0,-1,-1,-1,-1,-1,-1,-1,0,-1,-1,1,-1,0,1,1,-1,-1,-1,1,1,-1,1,-1,1,-1,-1,-1,-1,-1,-1,0,-1,-1,-1,-1,1,-1,0,-1,1,0,0,-1,0,-1,-1,0,-1,0,0,-1,0,1,0,1,0,1,0,-1,-1,-1,-1,-1,-1,-1,-1,-1,-1,0,-1,1,-1,-1,-1,-1,-1,0,-1,-1,-1,-1,-1,-1,-1,-1,0,-1,1,-1,0,0,-1,-1,0,1,-1,1,-1,0,-1,-1,-1,0,-1,-1,1,-1,-1,-1,-1,0,-1,1,0,-1,0,-1,1,0,-1,-1,-1,-1,-1,1,-1,-1,-1,-1,1,-1,-1,-1,1,0,-1,1,1,-1,0,-1,-1,0,-1,-1,1,-1,1,-1,-1,1,1,-1,-1,-1,1,-1,-1,1,-1,-1,-1,-1,1,0,-1,-1,-1,-1,-1,1,-1"
